,,,,Projected,Projected,Previous,Previous,2017,2017,2016,2016,2015,2015,2014,2014
Taken,Rank,Name,Position,Average,VBDAverage,Average,VBDAverage,Points,VBD,Points,VBD,Points,VBD,Points,VBD
,1,Tom Brady,QB,0,0,0,0,329.1,56.200000000000045,261,-7,344,59,280,14
,2,Aaron Rodgers,QB,0,0,0,0,327.8,54.900000000000034,382,114,305,20,358,92
,3,Drew Brees,QB,0,0,0,0,311.7,38.80000000000001,336,68,306,21,305,39
,4,Matt Ryan,QB,0,0,0,0,301.7,28.80000000000001,355,87,236,-49,284,18
,5,Russell Wilson,QB,0,0,0,0,295.1,22.200000000000045,270,2,344,59,332,66
,6,Cam Newton,QB,0,0,0,0,292.2,19.30000000000001,260,-8,391,106,249,-17
,7,David Johnson,RB,0,0,0,0,291.9,144.89999999999998,328,196,174,51,0,0
,8,Andrew Luck,QB,0,0,0,0,287.8,14.900000000000034,310,42,133,-152,356,90
,9,Le'Veon Bell,RB,0,0,0,0,287.3,140.3,242,110,87,-36,288,167
,10,Matthew Stafford,QB,0,0,0,0,283.8,10.900000000000034,282,14,292,7,254,-12
,11,Tyrod Taylor,QB,0,0,0,0,283.2,10.300000000000011,271,3,275,-10,null,-266
,12,Jameis Winston,QB,0,0,0,0,277.6,4.7000000000000455,262,-6,279,-6,0,0
,13,Kirk Cousins,QB,0,0,0,0,274.7,1.8000000000000114,306,38,295,10,88,-178
,14,Dak Prescott,QB,0,0,0,0,272.9,0,293,25,0,0,0,0
,15,Marcus Mariota,QB,0,0,0,0,266.3,-6.599999999999966,268,0,210,-75,0,0
,16,Derek Carr,QB,0,0,0,0,265,-7.899999999999977,270,2,273,-12,192,-74
,17,Ezekiel Elliott,RB,0,0,0,0,261.9,114.89999999999998,293,161,0,0,0,0
,18,Ben Roethlisberger,QB,0,0,0,0,259.2,-13.699999999999989,266,-2,234,-51,310,44
,19,Andy Dalton,QB,0,0,0,0,253,-19.899999999999977,261,-7,244,-41,225,-41
,20,Philip Rivers,QB,0,0,0,0,253,-19.899999999999977,263,-5,286,1,266,0
,21,Eli Manning,QB,0,0,0,0,251.1,-21.799999999999983,226,-42,288,3,270,4
,22,Carson Wentz,QB,0,0,0,0,249.7,-23.19999999999999,217,-51,0,0,0,0
,23,Carson Palmer,QB,0,0,0,0,241.8,-31.099999999999966,249,-19,309,24,106,-160
,24,Blake Bortles,QB,0,0,0,0,237.9,-34.99999999999997,270,2,324,39,174,-92
,25,Joe Flacco,QB,0,0,0,0,235.9,-36.99999999999997,244,-24,166,-119,262,-4
,26,Sam Bradford,QB,0,0,0,0,217.1,-55.79999999999998,223,-45,195,-90,0,0
,27,LeSean McCoy,RB,0,0,0,0,215.5,68.5,248,116,147,24,171,50
,28,Alex Smith,QB,0,0,0,0,211.9,-60.99999999999997,226,-42,273,-12,224,-42
,29,Devonta Freeman,RB,0,0,0,0,207.2,60.19999999999999,232,100,243,120,57,-64
,30,Jordan Howard,RB,0,0,0,0,205,58,201,69,0,0,0,0
,31,Todd Gurley,RB,0,0,0,0,203.9,56.900000000000006,155,23,189,66,0,0
,32,Jay Ajayi,RB,0,0,0,0,203.7,56.69999999999999,188,56,36,-87,0,0
,33,Melvin Gordon,RB,0,0,0,0,203.2,56.19999999999999,210,78,75,-48,0,0
,34,Leonard Fournette,RB,0,0,0,0,199.9,52.900000000000006,0,0,0,0,0,0
,35,Brian Hoyer,QB,0,0,0,0,198.4,-74.49999999999997,80,-188,169,-116,159,-107
,36,DeMarco Murray,RB,0,0,0,0,196.4,49.400000000000006,243,111,140,17,294,173
,37,Antonio Brown,WR,0,0,0,0,194.5,59.900000000000006,207,75,250,109,252,117
,38,Julio Jones,WR,0,0,0,0,187.6,53,179,47,237,96,193,58
,39,Jordy Nelson,WR,0,0,0,0,187.3,52.70000000000002,208,76,0,0,230,95
,40,Marshawn Lynch,RB,0,0,0,0,180,33,0,0,70,-53,265,144
,41,Jared Goff,QB,0,0,0,0,179.2,-93.69999999999999,53,-215,0,0,0,0
,42,Odell Beckham Jr.,WR,0,0,0,0,179.1,44.5,0,0,0,0,0,0
,43,Lamar Miller,RB,0,0,0,0,178.4,31.400000000000006,160,28,185,62,185,64
,44,A.J. Green,WR,0,0,0,0,177.2,42.599999999999994,120,-12,188,47,136,1
,45,Isaiah Crowell,RB,0,0,0,0,176.8,29.80000000000001,165,33,119,-4,113,-8
,46,T.Y. Hilton,WR,0,0,0,0,175.5,40.900000000000006,185,53,142,1,179,44
,47,Mike Evans,WR,0,0,0,0,173.6,39,208,76,137,-4,177,42
,48,Carlos Hyde,RB,0,0,0,0,162,15,165,33,70,-53,62,-59
,49,Frank Gore,RB,0,0,0,0,162,15,176,44,159,36,148,27
,50,Rob Gronkowski,TE,0,0,0,0,156.7,63.099999999999994,72,-17,184,97,184,94
,51,Mike Glennon,QB,0,0,0,0,156.7,-116.19999999999999,9,-259,0,0,90,-176
,52,Mark Ingram,RB,0,0,0,0,156.3,9.300000000000011,198,66,153,30,163,42
,53,Doug Baldwin,WR,0,0,0,0,153.2,18.599999999999994,162,30,191,50,101,-34
,54,Spencer Ware,RB,0,0,0,0,153.1,6.099999999999994,161,29,77,-46,0,0
,55,Joe Mixon,RB,0,0,0,0,152.4,5.400000000000006,0,0,0,0,0,0
,56,Dalvin Cook,RB,0,0,0,0,150.8,3.8000000000000114,0,0,0,0,0,0
,57,Mike Gillislee,RB,0,0,0,0,150.7,3.6999999999999886,117,-15,46,-77,0,0
,58,Christian McCaffrey,RB,0,0,0,0,148.7,1.6999999999999886,0,0,0,0,0,0
,59,Terrelle Pryor Sr.,WR,0,0,0,0,148.5,13.900000000000006,0,0,0,0,0,0
,60,Stephen Gostkowski,K,0,0,0,0,148.5,23.900000000000006,0,0,0,0,0,0
,61,Paul Perkins,RB,0,0,0,0,147.5,0.5,62,-70,0,0,0,0
,62,Terrance West,RB,0,0,0,0,147,0,137,5,21,-102,102,-19
,63,Amari Cooper,WR,0,0,0,0,146.5,11.900000000000006,151,19,141,0,0,0
,64,DeAndre Hopkins,WR,0,0,0,0,146,11.400000000000006,119,-13,220,79,155,20
,65,Brandin Cooks,WR,0,0,0,0,145.8,11.200000000000017,168,36,170,29,86,-49
,66,Greg Olsen,TE,0,0,0,0,145.4,51.80000000000001,131,42,150,63,137,47
,67,Justin Tucker,K,0,0,0,0,144.8,20.200000000000017,0,0,0,0,0,0
,68,Dez Bryant,WR,0,0,0,0,143.9,9.300000000000011,134,2,58,-83,228,93
,69,Sammy Watkins,WR,0,0,0,0,143.2,8.599999999999994,55,-77,159,18,133,-2
,70,Ty Montgomery,RB,0,0,0,0,142.8,-4.199999999999989,0,0,0,0,0,0
,71,Eddie Lacy,RB,0,0,0,0,142,-5,39,-93,121,-2,231,110
,72,Ameer Abdullah,RB,0,0,0,0,141.6,-5.400000000000006,22,-110,92,-31,0,0
,73,Bilal Powell,RB,0,0,0,0,141.6,-5.400000000000006,0,0,0,0,0,0
,74,Michael Crabtree,WR,0,0,0,0,141.2,6.599999999999994,152,20,146,5,94,-41
,75,Deshaun Watson,QB,0,0,0,0,140.2,-132.7,0,0,0,0,0,0
,76,Martavis Bryant,WR,0,0,0,0,139.8,5.200000000000017,0,0,120,-21,104,-31
,77,Emmanuel Sanders,WR,0,0,0,0,139.7,5.099999999999994,134,2,148,7,201,66
,78,Demaryius Thomas,WR,0,0,0,0,139.6,5,136,4,164,23,230,95
,79,Alshon Jeffery,WR,0,0,0,0,139,4.400000000000006,94,-38,105,-36,177,42
,80,Allen Robinson,WR,0,0,0,0,138,3.4000000000000057,126,-6,224,83,69,-66
,81,Matt Moore,QB,0,0,0,0,137.6,-135.29999999999998,57,-211,null,-285,1,-265
,82,Matt Bryant,K,0,0,0,0,137.5,12.900000000000006,0,0,0,0,0,0
,83,Adam Vinatieri,K,0,0,0,0,136.7,12.099999999999994,0,0,0,0,0,0
,84,Golden Tate,WR,0,0,0,0,136.4,1.8000000000000114,132,0,121,-20,162,27
,85,Jordan Reed,TE,0,0,0,0,135.9,42.30000000000001,105,16,157,70,45,-45
,86,Davante Adams,WR,0,0,0,0,135.2,0.5999999999999943,174,42,58,-83,63,-72
,87,Julian Edelman,WR,0,0,0,0,135,0.4000000000000057,132,0,112,-29,133,-2
,88,Larry Fitzgerald,WR,0,0,0,0,134.6,0,137,5,172,31,90,-45
,89,Adrian Peterson,RB,0,0,0,0,134.3,-12.699999999999989,6,-126,231,108,9,-112
,90,Tyreek Hill,WR,0,0,0,0,132.2,-2.4000000000000057,138,6,0,0,0,0
,91,Matt Prater,K,0,0,0,0,132.2,7.599999999999994,0,0,0,0,0,0
,92,Travis Kelce,TE,0,0,0,0,132.1,38.5,138,49,118,31,110,20
,93,LeGarrette Blount,RB,0,0,0,0,131.4,-15.599999999999994,226,94,117,-6,88,-33
,94,Kelvin Benjamin,WR,0,0,0,0,131.4,-3.1999999999999886,134,2,0,0,155,20
,95,Harrison Butker,K,0,0,0,0,131.4,6.800000000000011,0,0,0,0,0,0
,96,Dan Bailey,K,0,0,0,0,130.8,6.200000000000017,0,0,0,0,0,0
,97,Mason Crosby,K,0,0,0,0,130.1,5.5,0,0,0,0,0,0
,98,Blair Walsh,K,0,0,0,0,129.6,5,0,0,0,0,0,0
,99,C.J. Anderson,RB,0,0,0,0,128.5,-18.5,87,-45,116,-7,177,56
,100,Chris Boswell,K,0,0,0,0,128.3,3.700000000000017,0,0,0,0,0,0
,101,Tevin Coleman,RB,0,0,0,0,128.1,-18.900000000000006,160,28,41,-82,0,0
,102,Paxton Lynch,QB,0,0,0,0,128,-144.89999999999998,28,-240,0,0,0,0
,103,Matt Forte,RB,0,0,0,0,126.8,-20.200000000000003,154,22,173,50,245,124
,104,Brandon Marshall,WR,0,0,0,0,126.4,-8.199999999999989,97,-35,230,89,118,-17
,105,Sebastian Janikowski,K,0,0,0,0,125.5,0.9000000000000057,0,0,0,0,0,0
,106,Willie Snead,WR,0,0,0,0,124.7,-9.899999999999991,120,-12,116,-25,0,0
,107,Dustin Hopkins,K,0,0,0,0,124.6,0,0,0,0,0,0,0
,108,Jamison Crowder,WR,0,0,0,0,124.5,-10.099999999999994,125,-7,75,-66,0,0
,109,Donte Moncrief,WR,0,0,0,0,124.4,-10.199999999999989,73,-59,109,-32,64,-71
,110,Wil Lutz,K,0,0,0,0,124.3,-0.29999999999999716,0,0,0,0,0,0
,111,Keenan Allen,WR,0,0,0,0,124.2,-10.399999999999991,6,-126,97,-44,98,-37
,112,Caleb Sturgis,K,0,0,0,0,124.2,-0.3999999999999915,0,0,0,0,0,0
,113,Kenny Britt,WR,0,0,0,0,124.1,-10.5,128,-4,86,-55,94,-41
,114,Jonathan Stewart,RB,0,0,0,0,123.8,-23.200000000000003,138,6,147,24,121,0
,115,Phil Dawson,K,0,0,0,0,123.5,-1.0999999999999943,0,0,0,0,0,0
,116,Nick Novak,K,0,0,0,0,123.3,-1.2999999999999972,0,0,0,0,0,0
,117,Jake Elliott,K,0,0,0,0,123.1,-1.5,0,0,0,0,0,0
,118,Kai Forbath,K,0,0,0,0,123.1,-1.5,0,0,0,0,0,0
,119,Cairo Santos,K,0,0,0,0,122.9,-1.6999999999999886,0,0,0,0,0,0
,120,Josh Lambo,K,0,0,0,0,122.9,-1.6999999999999886,0,0,0,0,0,0
,121,Jarvis Landry,WR,0,0,0,0,122.8,-11.799999999999997,137,5,159,18,97,-38
,122,Pierre Garcon,WR,0,0,0,0,122.6,-12,122,-10,116,-25,93,-42
,123,DeSean Jackson,WR,0,0,0,0,122.5,-12.099999999999994,125,-7,75,-66,154,19
,124,DeVante Parker,WR,0,0,0,0,122.4,-12.199999999999989,102,-30,69,-72,0,0
,125,Jason Myers,K,0,0,0,0,122,-2.5999999999999943,0,0,0,0,0,0
,126,Stefon Diggs,WR,0,0,0,0,121.5,-13.099999999999994,109,-23,97,-44,0,0
,127,DeShone Kizer,QB,0,0,0,0,121.4,-151.49999999999997,0,0,0,0,0,0
,128,Nick Folk,K,0,0,0,0,120.7,-3.8999999999999915,0,0,0,0,0,0
,129,Randall Cobb,WR,0,0,0,0,120.4,-14.199999999999989,88,-44,124,-17,202,67
,130,Stephen Hauschka,K,0,0,0,0,119.8,-4.799999999999997,0,0,0,0,0,0
,131,Ryan Succop,K,0,0,0,0,117,-7.599999999999994,0,0,0,0,0,0
,132,Duke Johnson Jr.,RB,0,0,0,0,116.6,-30.400000000000006,0,0,0,0,0,0
,133,Danny Woodhead,RB,0,0,0,0,116.5,-30.5,21,-111,163,40,7,-114
,134,Doug Martin,RB,0,0,0,0,116.3,-30.700000000000003,72,-60,199,76,68,-53
,135,Marvin Jones,WR,0,0,0,0,116.2,-18.39999999999999,117,-15,109,-32,0,0
,136,Giovani Bernard,RB,0,0,0,0,115.7,-31.299999999999997,83,-49,132,9,145,24
,137,Brandon McManus,K,0,0,0,0,115.1,-9.5,0,0,0,0,0,0
,138,Theo Riddick,RB,0,0,0,0,115,-32,109,-23,99,-24,61,-60
,139,Jeremy Maclin,WR,0,0,0,0,114.6,-20,68,-64,156,15,192,57
,140,Kyle Rudolph,TE,0,0,0,0,114.1,20.5,128,39,80,-7,35,-55
,141,Robert Kelley,RB,0,0,0,0,113.2,-33.8,121,-11,0,0,0,0
,142,Eric Decker,WR,0,0,0,0,112.9,-21.69999999999999,31,-101,173,32,126,-9
,143,Tyrell Williams,WR,0,0,0,0,112.8,-21.799999999999997,148,16,15,-126,0,0
,144,Cameron Meredith,WR,0,0,0,0,112.7,-21.89999999999999,113,-19,12,-129,0,0
,145,John Brown,WR,0,0,0,0,112.5,-22.099999999999994,65,-67,143,2,99,-36
,146,Adam Thielen,WR,0,0,0,0,111.9,-22.69999999999999,126,-6,23,-118,20,-115
,147,Jimmy Graham,TE,0,0,0,0,111.4,17.80000000000001,124,35,75,-12,145,55
,148,Jaguars D/ST,D/ST,0,0,0,0,110.8,15.799999999999997,0,0,0,0,0,0
,149,Connor Barth,K,0,0,0,0,110.6,-14,0,0,0,0,0,0
,150,Corey Davis,WR,0,0,0,0,109.9,-24.69999999999999,0,0,0,0,0,0
,151,Ted Ginn Jr.,WR,0,0,0,0,109.4,-25.19999999999999,0,0,0,0,0,0
,152,Mike Wallace,WR,0,0,0,0,109.1,-25.5,131,-1,60,-81,146,11
,153,Robbie Gould,K,0,0,0,0,109.1,-15.5,0,0,0,0,0,0
,154,Seahawks D/ST,D/ST,0,0,0,0,108.8,13.799999999999997,0,0,0,0,0,0
,155,Bengals D/ST,D/ST,0,0,0,0,106.5,11.5,0,0,0,0,0,0
,156,Trevor Siemian,QB,0,0,0,0,106.2,-166.7,194,-74,null,-285,0,0
,157,Chandler Catanzaro,K,0,0,0,0,106.1,-18.5,0,0,0,0,0,0
,158,Zane Gonzalez,K,0,0,0,0,106,-18.599999999999994,0,0,0,0,0,0
,159,Darren Sproles,RB,0,0,0,0,105.7,-41.3,111,-21,95,-28,106,-15
,160,Steelers D/ST,D/ST,0,0,0,0,105.7,10.700000000000003,0,0,0,0,0,0
,161,Rams D/ST,D/ST,0,0,0,0,105.6,10.599999999999994,0,0,0,0,0,0
,162,Rishard Matthews,WR,0,0,0,0,105.3,-29.299999999999997,149,17,91,-50,26,-109
,163,Mike Nugent,K,0,0,0,0,105.2,-19.39999999999999,0,0,0,0,0,0
,164,Kareem Hunt,RB,0,0,0,0,104.6,-42.400000000000006,0,0,0,0,0,0
,165,Delanie Walker,TE,0,0,0,0,104.4,10.800000000000011,123,34,150,63,113,23
,166,Cardinals D/ST,D/ST,0,0,0,0,104.3,9.299999999999997,0,0,0,0,0,0
,167,Chargers D/ST,D/ST,0,0,0,0,103.7,8.700000000000003,0,0,0,0,0,0
,168,Josh McCown,QB,0,0,0,0,103.6,-169.29999999999998,52,-216,136,-149,127,-139
,169,Vikings D/ST,D/ST,0,0,0,0,103.2,8.200000000000003,0,0,0,0,0,0
,170,Greg Zuerlein,K,0,0,0,0,101.9,-22.69999999999999,0,0,0,0,0,0
,171,Tavon Austin,WR,0,0,0,0,101.7,-32.89999999999999,89,-43,141,0,59,-76
,172,Broncos D/ST,D/ST,0,0,0,0,101.4,6.400000000000006,0,0,0,0,0,0
,173,Ravens D/ST,D/ST,0,0,0,0,101.1,6.099999999999994,0,0,0,0,0,0
,174,Texans D/ST,D/ST,0,0,0,0,101,6,0,0,0,0,0,0
,175,Jamaal Charles,RB,0,0,0,0,99.7,-47.3,11,-121,80,-43,210,89
,176,Robert Woods,WR,0,0,0,0,99.7,-34.89999999999999,68,-64,71,-70,100,-35
,177,Mohamed Sanu,WR,0,0,0,0,99.4,-35.19999999999999,90,-42,59,-82,123,-12
,178,Tyler Lockett,WR,0,0,0,0,98,-36.599999999999994,83,-49,102,-39,0,0
,179,Jack Doyle,TE,0,0,0,0,97.8,4.200000000000003,86,-3,13,-74,24,-66
,180,Zach Ertz,TE,0,0,0,0,97.7,4.1000000000000085,106,17,95,8,86,-4
,181,Sterling Shepard,WR,0,0,0,0,97.1,-37.5,119,-13,0,0,0,0
,182,Taylor Gabriel,WR,0,0,0,0,97,-37.599999999999994,105,-27,24,-117,69,-66
,183,Jordan Matthews,WR,0,0,0,0,97,-37.599999999999994,102,-30,146,5,135,0
,184,Hunter Henry,TE,0,0,0,0,96.7,3.1000000000000085,96,7,0,0,0,0
,185,Derrick Henry,RB,0,0,0,0,96.5,-50.5,93,-39,0,0,0,0
,186,Kenny Stills,WR,0,0,0,0,96,-38.599999999999994,127,-5,62,-79,111,-24
,187,Martellus Bennett,TE,0,0,0,0,95.8,2.200000000000003,113,24,62,-25,132,42
,188,Marqise Lee,WR,0,0,0,0,95.7,-38.89999999999999,109,-23,29,-112,49,-86
,189,Andrew Franks,K,0,0,0,0,95.5,-29.099999999999994,0,0,0,0,0,0
,190,Chiefs D/ST,D/ST,0,0,0,0,95,0,0,0,0,0,0,0
,191,Titans D/ST,D/ST,0,0,0,0,94.9,-0.09999999999999432,0,0,0,0,0,0
,192,Devin Funchess,WR,0,0,0,0,93.9,-40.69999999999999,63,-69,75,-66,0,0
,193,Corey Coleman,WR,0,0,0,0,93.8,-40.8,60,-72,0,0,0,0
,194,Jason Witten,TE,0,0,0,0,93.6,0,83,-6,87,0,100,10
,195,Eric Ebron,TE,0,0,0,0,93.4,-0.19999999999998863,83,-6,84,-3,31,-59
,196,Tyler Eifert,TE,0,0,0,0,92.6,-1,69,-20,140,53,4,-86
,197,Austin Hooper,TE,0,0,0,0,92.5,-1.0999999999999943,47,-42,0,0,0,0
,198,Falcons D/ST,D/ST,0,0,0,0,92.1,-2.9000000000000057,0,0,0,0,0,0
,199,Coby Fleener,TE,0,0,0,0,92,-1.5999999999999943,89,0,69,-18,125,35
,200,Allen Hurns,WR,0,0,0,0,91.1,-43.5,66,-66,163,22,104,-31
,201,Kevin White,WR,0,0,0,0,90.8,-43.8,20,-112,0,0,0,0
,202,Chris Thompson,RB,0,0,0,0,90.6,-56.400000000000006,101,-31,58,-65,10,-111
,203,Panthers D/ST,D/ST,0,0,0,0,90.4,-4.599999999999994,0,0,0,0,0,0
,204,Patriots D/ST,D/ST,0,0,0,0,90.4,-4.599999999999994,0,0,0,0,0,0
,205,Dolphins D/ST,D/ST,0,0,0,0,90.2,-4.799999999999997,0,0,0,0,0,0
,206,Tom Savage,QB,0,0,0,0,90.1,-182.79999999999998,18,-250,0,0,null,-266
,207,C.J. Prosise,RB,0,0,0,0,89.9,-57.099999999999994,44,-88,0,0,0,0
,208,49ers D/ST,D/ST,0,0,0,0,89.8,-5.200000000000003,0,0,0,0,0,0
,209,Giants D/ST,D/ST,0,0,0,0,89.7,-5.299999999999997,0,0,0,0,0,0
,210,Eagles D/ST,D/ST,0,0,0,0,89.3,-5.700000000000003,0,0,0,0,0,0
,211,Cole Beasley,WR,0,0,0,0,88.5,-46.099999999999994,114,-18,80,-61,62,-73
,212,Redskins D/ST,D/ST,0,0,0,0,88.4,-6.599999999999994,0,0,0,0,0,0
,213,J.J. Nelson,WR,0,0,0,0,88.3,-46.3,0,0,0,0,0,0
,214,Colts D/ST,D/ST,0,0,0,0,88,-7,0,0,0,0,0,0
,215,C.J. Fiedorowicz,TE,0,0,0,0,87.9,-5.699999999999989,80,-9,21,-66,9,-81
,216,Ryan Tannehill,QB,0,0,0,0,87.9,-184.99999999999997,192,-76,259,-26,279,13
,217,Cowboys D/ST,D/ST,0,0,0,0,87.8,-7.200000000000003,0,0,0,0,0,0
,218,Robby Anderson,WR,0,0,0,0,87.8,-46.8,73,-59,0,0,0,0
,219,James White,RB,0,0,0,0,87.7,-59.3,104,-28,83,-40,6,-115
,220,Breshad Perriman,WR,0,0,0,0,86.7,-47.89999999999999,68,-64,0,0,0,0
,221,Kenny Golladay,WR,0,0,0,0,86.6,-48,0,0,0,0,0,0
,222,Josh Doctson,WR,0,0,0,0,86.5,-48.099999999999994,7,-125,0,0,0,0
,223,Packers D/ST,D/ST,0,0,0,0,86.2,-8.799999999999997,0,0,0,0,0,0
,224,Saints D/ST,D/ST,0,0,0,0,86.1,-8.900000000000006,0,0,0,0,0,0
,225,Cameron Brate,TE,0,0,0,0,85.3,-8.299999999999997,114,25,47,-40,2,-88
,226,Curtis Samuel,WR,0,0,0,0,85.1,-49.5,0,0,0,0,0,0
,227,Shane Vereen,RB,0,0,0,0,85,-62,27,-105,100,-23,114,-7
,228,Buccaneers D/ST,D/ST,0,0,0,0,84.6,-10.400000000000006,0,0,0,0,0,0
,229,Raiders D/ST,D/ST,0,0,0,0,84.4,-10.599999999999994,0,0,0,0,0,0
,230,Charles Sims,RB,0,0,0,0,84.2,-62.8,44,-88,129,6,42,-79
,231,Lions D/ST,D/ST,0,0,0,0,83.5,-11.5,0,0,0,0,0,0
,232,Browns D/ST,D/ST,0,0,0,0,83.2,-11.799999999999997,0,0,0,0,0,0
,233,Robert Turbin,RB,0,0,0,0,82.9,-64.1,82,-50,28,-95,60,-61
,234,Bears D/ST,D/ST,0,0,0,0,82.9,-12.099999999999994,0,0,0,0,0,0
,235,Terrance Williams,WR,0,0,0,0,82.5,-52.099999999999994,81,-51,102,-39,110,-25
,236,Latavius Murray,RB,0,0,0,0,82,-65,175,43,164,41,69,-52
,237,Zay Jones,WR,0,0,0,0,81.7,-52.89999999999999,0,0,0,0,0,0
,238,Bills D/ST,D/ST,0,0,0,0,81.6,-13.400000000000006,0,0,0,0,0,0
,239,Cody Kessler,QB,0,0,0,0,80.5,-192.39999999999998,79,-189,0,0,0,0
,240,Jared Cook,TE,0,0,0,0,80.4,-13.199999999999989,42,-47,48,-39,81,-9
,241,Christian Hackenberg,QB,0,0,0,0,79.4,-193.49999999999997,0,0,0,0,0,0
,242,Jets D/ST,D/ST,0,0,0,0,79.3,-15.700000000000003,0,0,0,0,0,0
,243,Antonio Gates,TE,0,0,0,0,78,-15.599999999999994,95,6,93,6,154,64
,244,Cooper Kupp,WR,0,0,0,0,77.5,-57.099999999999994,0,0,0,0,0,0
,245,Rex Burkhead,RB,0,0,0,0,77.1,-69.9,59,-73,14,-109,14,-107
,246,Torrey Smith,WR,0,0,0,0,77.1,-57.5,45,-87,92,-49,143,8
,247,Evan Engram,TE,0,0,0,0,74.4,-19.19999999999999,0,0,0,0,0,0
,248,Marquise Goodwin,WR,0,0,0,0,74.3,-60.3,61,-71,2,-139,5,-130
,249,Alvin Kamara,RB,0,0,0,0,73.7,-73.3,0,0,0,0,0,0
,250,Samaje Perine,RB,0,0,0,0,72,-75,0,0,0,0,0,0
,251,Laquon Treadwell,WR,0,0,0,0,71.8,-62.8,2,-130,0,0,0,0
,252,Braxton Miller,WR,0,0,0,0,70.8,-63.8,16,-116,0,0,0,0
,253,Jonathan Williams,RB,0,0,0,0,70.6,-76.4,11,-121,0,0,0,0
,254,John Ross,WR,0,0,0,0,70.4,-64.19999999999999,0,0,0,0,0,0
,255,Julius Thomas,TE,0,0,0,0,70.4,-23.19999999999999,52,-37,78,-9,121,31
,256,Markus Wheaton,WR,0,0,0,0,69.7,-64.89999999999999,13,-119,109,-32,78,-57
,257,ArDarius Stewart,WR,0,0,0,0,69.4,-65.19999999999999,0,0,0,0,0,0
,258,Charles Clay,TE,0,0,0,0,69.1,-24.5,79,-10,71,-16,79,-11
,259,Jesse James,TE,0,0,0,0,67.3,-26.299999999999997,56,-33,14,-73,0,0
,260,Jacquizz Rodgers,RB,0,0,0,0,67.2,-79.8,78,-54,5,-118,53,-68
,261,Jamaal Williams,RB,0,0,0,0,67.1,-79.9,0,0,0,0,0,0
,262,O.J. Howard,TE,0,0,0,0,67,-26.599999999999994,0,0,0,0,0,0
,263,Carlos Henderson,WR,0,0,0,0,66.7,-67.89999999999999,0,0,0,0,0,0
,264,Albert Wilson,WR,0,0,0,0,66.5,-68.1,51,-81,60,-81,26,-109
,265,Jeremy Kerley,WR,0,0,0,0,65.3,-69.3,83,-49,27,-114,60,-75
,266,Dion Lewis,RB,0,0,0,0,64.6,-82.4,38,-94,84,-39,0,0
,267,Austin Seferian-Jenkins,TE,0,0,0,0,62.2,-31.39999999999999,21,-68,58,-29,32,-58
,268,Will Fuller V,WR,0,0,0,0,61.6,-73,0,0,0,0,0,0
,269,Seth Roberts,WR,0,0,0,0,61.3,-73.3,74,-58,80,-61,0,0
,270,Chris Hogan,WR,0,0,0,0,61,-73.6,91,-41,58,-83,63,-72
,271,DeAndre Washington,RB,0,0,0,0,60.6,-86.4,68,-64,0,0,0,0
,272,Paul Richardson,WR,0,0,0,0,60.5,-74.1,35,-97,4,-137,33,-102
,273,T.J. Yeldon,RB,0,0,0,0,59.6,-87.4,88,-44,120,-3,0,0
,274,David Njoku,TE,0,0,0,0,59.6,-33.99999999999999,0,0,0,0,0,0
,275,D'Onta Foreman,RB,0,0,0,0,59.3,-87.7,0,0,0,0,0,0
,276,Darren McFadden,RB,0,0,0,0,58.9,-88.1,10,-122,156,33,85,-36
,277,Jermaine Gresham,TE,0,0,0,0,58.8,-34.8,51,-38,28,-59,76,-14
,278,Andre Holmes,WR,0,0,0,0,58,-76.6,31,-101,44,-97,93,-42
,279,Tyler Boyd,WR,0,0,0,0,57.8,-76.8,70,-62,0,0,0,0
,280,Chris Conley,WR,0,0,0,0,57.4,-77.19999999999999,53,-79,26,-115,0,0
,281,Travis Benjamin,WR,0,0,0,0,57.4,-77.19999999999999,85,-47,128,-13,51,-84
,282,Jalen Richard,RB,0,0,0,0,57.4,-89.6,87,-45,0,0,0,0
,283,Eli Rogers,WR,0,0,0,0,54.4,-80.19999999999999,78,-54,0,0,0,0
,284,Mitchell Trubisky,QB,0,0,0,0,54.2,-218.7,0,0,0,0,0,0
,285,Jerick McKinnon,RB,0,0,0,0,53.1,-93.9,107,-25,62,-61,67,-54
,286,Thomas Rawls,RB,0,0,0,0,52.9,-94.1,63,-69,121,-2,0,0
,287,Devontae Booker,RB,0,0,0,0,51,-96,112,-20,0,0,0,0
,288,Tarik Cohen,RB,0,0,0,0,50.8,-96.2,0,0,0,0,0,0
,289,Tyler Higbee,TE,0,0,0,0,50.6,-42.99999999999999,15,-74,0,0,0,0
,290,Jeremy Hill,RB,0,0,0,0,49.2,-97.8,155,23,157,34,184,63
,291,Brandon LaFell,WR,0,0,0,0,48.9,-85.69999999999999,122,-10,52,-89,137,2
,292,Jermaine Kearse,WR,0,0,0,0,48.3,-86.3,57,-75,101,-40,64,-71
,293,Kenyan Drake,RB,0,0,0,0,46.7,-100.3,35,-97,0,0,0,0
,294,Zach Miller,TE,0,0,0,0,46.4,-47.199999999999996,73,-16,74,-13,0,0
,295,Donnel Pumphrey,RB,0,0,0,0,46.4,-100.6,0,0,0,0,0,0
,296,Chad Williams,WR,0,0,0,0,45.6,-89,0,0,0,0,0,0
,297,Adam Humphries,WR,0,0,0,0,45.3,-89.3,78,-54,34,-107,0,0
,298,Benjamin Watson,TE,0,0,0,0,45,-48.599999999999994,0,0,0,0,0,0
,299,Joe Williams,RB,0,0,0,0,44.8,-102.2,0,0,0,0,0,0
,300,Erik Swoope,TE,0,0,0,0,44.8,-48.8,36,-53,0,0,0,0
,301,Vernon Davis,TE,0,0,0,0,43.7,-49.89999999999999,70,-19,40,-47,37,-53
,302,James Conner,RB,0,0,0,0,43.3,-103.7,0,0,0,0,0,0
,303,Damien Williams,RB,0,0,0,0,42.4,-104.6,70,-62,24,-99,37,-84
,304,Lance Dunbar,RB,0,0,0,0,41.9,-105.1,21,-111,28,-95,32,-89
,305,Ricardo Louis,WR,0,0,0,0,41.2,-93.39999999999999,0,0,0,0,0,0
,306,Andre Williams,RB,0,0,0,0,40.4,-106.6,9,-123,34,-89,127,6
,307,Brandon Coleman,WR,0,0,0,0,39.5,-95.1,46,-86,57,-84,0,0
,308,Aaron Jones,RB,0,0,0,0,39.2,-107.8,0,0,0,0,0,0
,309,Nick Boyle,TE,0,0,0,0,39,-54.599999999999994,4,-85,17,-70,0,0
,310,Chris Ivory,RB,0,0,0,0,38.9,-108.1,75,-57,173,50,134,13
,311,Kyle Juszczyk,RB,0,0,0,0,38.7,-108.3,37,-95,56,-67,20,-101
,312,Phillip Dorsett,WR,0,0,0,0,38.6,-96,66,-66,28,-113,0,0
,313,Vance McDonald,TE,0,0,0,0,38.3,-55.3,63,-26,51,-36,1,-89
,314,Seth DeValve,TE,0,0,0,0,38.2,-55.39999999999999,0,0,0,0,0,0
,315,Branden Oliver,RB,0,0,0,0,38.1,-108.9,0,0,22,-101,109,-12
,316,Ryan Griffin,TE,0,0,0,0,37,-56.599999999999994,54,-35,37,-50,15,-75
,317,A.J. Derby,TE,0,0,0,0,37,-56.599999999999994,14,-75,0,0,0,0
,318,Gerald Everett,TE,0,0,0,0,36,-57.599999999999994,0,0,0,0,0,0
,319,Tim Hightower,RB,0,0,0,0,35.2,-111.8,107,-25,74,-49,0,0
,320,Zach Zenner,RB,0,0,0,0,34.8,-112.2,75,-57,7,-116,0,0
,321,Chris Godwin,WR,0,0,0,0,34.7,-99.89999999999999,0,0,0,0,0,0
,322,Malcolm Mitchell,WR,0,0,0,0,34.4,-100.19999999999999,64,-68,0,0,0,0
,323,Wayne Gallman,RB,0,0,0,0,34.3,-112.7,0,0,0,0,0,0
,324,Wendell Smallwood,RB,0,0,0,0,33.1,-113.9,41,-91,0,0,0,0
,325,Mike Tolbert,RB,0,0,0,0,32.9,-114.1,25,-107,67,-56,17,-104
,326,Mychal Rivera,TE,0,0,0,0,32.6,-60.99999999999999,25,-64,34,-53,75,-15
,327,Aldrick Robinson,WR,0,0,0,0,32.5,-102.1,44,-88,0,0,1,-134
,328,Jaron Brown,WR,0,0,0,0,32.3,-102.3,27,-105,20,-121,35,-100
,329,Jaelen Strong,WR,0,0,0,0,31.4,-103.19999999999999,13,-119,34,-107,0,0
,330,Marcedes Lewis,TE,0,0,0,0,31.3,-62.3,23,-66,23,-64,35,-55
,331,Marlon Mack,RB,0,0,0,0,31.2,-115.8,0,0,0,0,0,0
,332,Josh Hill,TE,0,0,0,0,31.2,-62.39999999999999,21,-68,24,-63,48,-42
,333,George Kittle,TE,0,0,0,0,31.1,-62.49999999999999,0,0,0,0,0,0
,334,Kamar Aiken,WR,0,0,0,0,30.6,-104,39,-93,124,-17,45,-90
,335,Michael Campanaro,WR,0,0,0,0,30.4,-104.19999999999999,7,-125,11,-130,16,-119
,336,Brice Butler,WR,0,0,0,0,30.2,-104.39999999999999,40,-92,26,-115,40,-95
,337,Xavier Grimble,TE,0,0,0,0,29.7,-63.89999999999999,24,-65,0,0,0,0
,338,Chester Rogers,WR,0,0,0,0,29.6,-105,27,-105,0,0,0,0
,339,Charone Peake,WR,0,0,0,0,29.1,-105.5,19,-113,0,0,0,0
,340,Adam Shaheen,TE,0,0,0,0,29,-64.6,0,0,0,0,0,0
,341,Chris Johnson,RB,0,0,0,0,28.9,-118.1,16,-116,101,-22,91,-30
,342,Nelson Agholor,WR,0,0,0,0,28.5,-106.1,52,-80,32,-109,0,0
,343,Corey Brown,WR,0,0,0,0,28.5,-106.1,32,-100,73,-68,49,-86
,344,Alfred Blue,RB,0,0,0,0,27.3,-119.7,50,-82,97,-26,82,-39
,345,Cordarrelle Patterson,WR,0,0,0,0,26.4,-108.19999999999999,62,-70,1,-140,60,-75
,346,TJ Jones,WR,0,0,0,0,26.4,-108.19999999999999,0,0,0,0,0,0
,347,Josh Reynolds,WR,0,0,0,0,26.2,-108.39999999999999,0,0,0,0,0,0
,348,Taywan Taylor,WR,0,0,0,0,26.1,-108.5,0,0,0,0,0,0
,349,Justin Hardy,WR,0,0,0,0,25.2,-109.39999999999999,44,-88,19,-122,0,0
,350,Dontrelle Inman,WR,0,0,0,0,23.8,-110.8,105,-27,65,-76,16,-119
,351,Kendall Wright,WR,0,0,0,0,23.8,-110.8,61,-71,61,-80,111,-24
,352,Elijah McGuire,RB,0,0,0,0,23.4,-123.6,0,0,0,0,0,0
,353,Andre Ellington,RB,0,0,0,0,23,-124,18,-114,60,-63,132,11
,354,Trent Taylor,WR,0,0,0,0,23,-111.6,0,0,0,0,0,0
,355,Russell Shepard,WR,0,0,0,0,22.8,-111.8,47,-85,11,-130,6,-129
,356,Brian Hill,RB,0,0,0,0,22,-125,0,0,0,0,0,0
,357,Michael Floyd,WR,0,0,0,0,21.8,-112.8,81,-51,121,-20,118,-17
,358,Maxx Williams,TE,0,0,0,0,21.6,-72,0,0,0,0,0,0
,359,Dede Westbrook,WR,0,0,0,0,21.6,-113,0,0,0,0,0,0
,360,Virgil Green,TE,0,0,0,0,21.5,-72.1,30,-59,23,-64,14,-76
,361,Aaron Ripkowski,RB,0,0,0,0,21.4,-125.6,40,-92,2,-121,0,0
,362,Trey Burton,TE,0,0,0,0,21.3,-72.3,39,-50,5,-82,1,-89
,363,Ryan Switzer,WR,0,0,0,0,21.2,-113.39999999999999,0,0,0,0,0,0
,364,Logan Paulsen,TE,0,0,0,0,20.6,-73,2,-87,0,0,12,-78
,365,Dion Sims,TE,0,0,0,0,20.6,-73,50,-39,17,-70,40,-50
,366,Dwayne Allen,TE,0,0,0,0,20.3,-73.3,79,-10,17,-70,88,-2
,367,Rashard Higgins,WR,0,0,0,0,19.8,-114.8,8,-124,0,0,0,0
,368,Jamize Olawale,RB,0,0,0,0,19.8,-127.2,45,-87,25,-98,14,-107
,369,Victor Cruz,WR,0,0,0,0,19.6,-115,63,-69,0,0,40,-95
,370,Clive Walford,TE,0,0,0,0,19.5,-74.1,0,0,0,0,0,0
,371,Chris Moore,WR,0,0,0,0,19.4,-115.19999999999999,7,-125,0,0,0,0
,372,Ryan Grant,WR,0,0,0,0,19.3,-115.3,8,-124,39,-102,7,-128
,373,Troy Niklas,TE,0,0,0,0,19.2,-74.39999999999999,null,-89,15,-72,4,-86
,374,JuJu Smith-Schuster,WR,0,0,0,0,18.8,-115.8,0,0,0,0,0,0
,375,Scott Tolzien,QB,0,0,0,0,18.3,-254.59999999999997,9,-259,null,-285,0,0
,376,Andre Roberts,WR,0,0,0,0,18.1,-116.5,23,-109,14,-127,55,-80
,377,Demetrius Harris,TE,0,0,0,0,18.1,-75.5,20,-69,13,-74,2,-88
,378,Rhett Ellison,TE,0,0,0,0,17.4,-76.19999999999999,12,-77,18,-69,29,-61
,379,Luke Willson,TE,0,0,0,0,16.8,-76.8,25,-64,27,-60,56,-34
,380,Malcolm Brown,RB,0,0,0,0,16.7,-130.3,7,-125,2,-121,0,0
,381,Drew Stanton,QB,0,0,0,0,16.5,-256.4,9,-259,-1,-286,95,-171
,382,Landry Jones,QB,0,0,0,0,16.4,-256.5,34,-234,24,-261,0,0
,383,Bucky Hodges,TE,0,0,0,0,16.4,-77.19999999999999,0,0,0,0,0,0
,384,Patrick Mahomes II,QB,0,0,0,0,15.7,-257.2,0,0,0,0,0,0
,385,Javorius Allen,RB,0,0,0,0,15.7,-131.3,5,-127,101,-22,0,0
,386,Jonnu Smith,TE,0,0,0,0,15.6,-78,0,0,0,0,0,0
,387,Charcandrick West,RB,0,0,0,0,15.3,-131.7,66,-66,113,-10,0,0
,388,Benny Cunningham,RB,0,0,0,0,15,-132,19,-113,39,-84,80,-41
,389,Nick O'Leary,TE,0,0,0,0,14.4,-79.19999999999999,13,-76,4,-83,0,0
,390,De'Angelo Henderson,RB,0,0,0,0,14.2,-132.8,0,0,0,0,0,0
,391,Sammie Coates,WR,0,0,0,0,13.8,-120.8,57,-75,1,-140,0,0
,392,Jordan Leggett,TE,0,0,0,0,13.5,-80.1,0,0,0,0,0,0
,393,John Kuhn,RB,0,0,0,0,13.5,-133.5,41,-91,20,-103,17,-104
,394,Kerwynn Williams,RB,0,0,0,0,13.4,-133.6,28,-104,20,-103,26,-95
,395,Tyler Ervin,RB,0,0,0,0,13.4,-133.6,-2,-134,0,0,0,0
,396,Fozzy Whittaker,RB,0,0,0,0,13.3,-133.7,47,-85,23,-100,33,-88
,397,Levine Toilolo,TE,0,0,0,0,13,-80.6,38,-51,6,-81,34,-56
,398,Rashad Greene Sr.,WR,0,0,0,0,12.8,-121.8,0,0,0,0,0,0
,399,Darren Fells,TE,0,0,0,0,12.8,-80.8,21,-68,49,-38,7,-83
,400,James Hanna,TE,0,0,0,0,12.5,-81.1,0,0,8,-79,5,-85
,401,Geronimo Allison,WR,0,0,0,0,12.4,-122.19999999999999,32,-100,0,0,0,0
,402,Lorenzo Taliaferro,RB,0,0,0,0,12.4,-134.6,1,-131,14,-109,65,-56
,403,Brent Celek,TE,0,0,0,0,12.4,-81.19999999999999,0,0,0,0,0,0
,404,Lee Smith,TE,0,0,0,0,12.3,-81.3,3,-86,13,-74,10,-80
,405,Wendall Williams,WR,0,0,0,0,12.2,-122.39999999999999,8,-124,0,0,0,0
,406,Demarcus Robinson,WR,0,0,0,0,12.2,-122.39999999999999,0,0,0,0,0,0
,407,Bryce Petty,QB,0,0,0,0,12.2,-260.7,32,-236,0,0,0,0
,408,Chad Hansen,WR,0,0,0,0,11.7,-122.89999999999999,0,0,0,0,0,0
,409,Jake Butt,TE,0,0,0,0,11.6,-82,0,0,0,0,0,0
,410,Brandon Tate,WR,0,0,0,0,11.4,-123.19999999999999,17,-115,12,-129,25,-110
,411,Anthony Fasano,TE,0,0,0,0,11.2,-82.39999999999999,20,-69,43,-44,49,-41
,412,Bennie Fowler,WR,0,0,0,0,10.9,-123.69999999999999,27,-105,22,-119,0,0
,413,Stephen Anderson,TE,0,0,0,0,10.8,-82.8,15,-74,0,0,0,0
,414,Ed Dickson,TE,0,0,0,0,10.6,-83,19,-70,24,-63,18,-72
,415,Danny Amendola,WR,0,0,0,0,10.6,-124,48,-84,83,-58,26,-109
,416,De'Anthony Thomas,WR,0,0,0,0,10.6,-124,6,-126,27,-114,33,-102
,417,C.J. Beathard,QB,0,0,0,0,10.4,-262.5,0,0,0,0,0,0
,418,Temarrick Hemingway,TE,0,0,0,0,10,-83.6,0,0,0,0,0,0
,419,Jarius Wright,WR,0,0,0,0,9.9,-124.69999999999999,13,-119,45,-96,78,-57
,420,Pharoh Cooper,WR,0,0,0,0,9.8,-124.8,9,-123,0,0,0,0
,421,Jace Billingsley,WR,0,0,0,0,9.7,-124.89999999999999,0,0,0,0,0,0
,422,Logan Thomas,TE,0,0,0,0,9.6,-84,0,0,0,0,0,0
,423,Jeff Heuerman,TE,0,0,0,0,9.5,-84.1,14,-75,0,0,0,0
,424,Jeremy Langford,RB,0,0,0,0,9.3,-137.7,54,-78,128,5,0,0
,425,Tavarres King,WR,0,0,0,0,9.2,-125.39999999999999,5,-127,0,0,1,-134
,426,Andy Janovich,RB,0,0,0,0,9.2,-137.8,14,-118,0,0,0,0
,427,Matt LaCosse,TE,0,0,0,0,9.1,-84.5,0,0,2,-85,0,0
,428,Lance Kendricks,TE,0,0,0,0,9,-84.6,60,-29,37,-50,56,-34
,429,Elijah Hood,RB,0,0,0,0,8.9,-138.1,0,0,0,0,0,0
,430,Derek Anderson,QB,0,0,0,0,8.8,-264.09999999999997,17,-251,1,-284,52,-214
,431,Dan Vitale,RB,0,0,0,0,8.3,-138.7,3,-129,0,0,0,0
,432,Amara Darboh,WR,0,0,0,0,8.2,-126.39999999999999,0,0,0,0,0,0
,433,Case Keenum,QB,0,0,0,0,8.2,-264.7,113,-155,44,-241,23,-243
,434,Tommylee Lewis,WR,0,0,0,0,7.9,-126.69999999999999,9,-123,0,0,0,0
,435,Darrel Young,RB,0,0,0,0,7.7,-139.3,0,0,3,-120,40,-81
,436,Teddy Bridgewater,QB,0,0,0,0,7.7,-265.2,0,0,200,-85,180,-86
,437,Leonte Carroo,WR,0,0,0,0,7.7,-126.89999999999999,9,-123,0,0,0,0
,438,C.J. Uzomah,TE,0,0,0,0,7.7,-85.89999999999999,29,-60,null,-87,0,0
,439,Bobby Rainey,RB,0,0,0,0,7.5,-139.5,20,-112,1,-122,78,-43
,440,Akeem Hunt,RB,0,0,0,0,7.4,-139.6,14,-118,14,-109,0,0
,441,Terron Ward,RB,0,0,0,0,7.4,-139.6,16,-116,23,-100,0,0
,442,Jehu Chesson,WR,0,0,0,0,7.3,-127.3,0,0,0,0,0,0
,443,Ben Koyack,TE,0,0,0,0,7.3,-86.3,22,-67,0,0,0,0
,444,Patrick DiMarco,RB,0,0,0,0,7.3,-139.7,11,-121,23,-100,12,-109
,445,Isaiah McKenzie,WR,0,0,0,0,7.3,-127.3,0,0,0,0,0,0
,446,Alfred Morris,RB,0,0,0,0,7.1,-139.9,37,-95,87,-36,171,50
,447,Matt Lengel,TE,0,0,0,0,6.7,-86.89999999999999,8,-81,0,0,0,0
,448,Matt Cassel,QB,0,0,0,0,6.7,-266.2,16,-252,67,-218,23,-243
,449,Malachi Dupre,WR,0,0,0,0,6.6,-128,0,0,0,0,0,0
,450,Jeremy McNichols,RB,0,0,0,0,6.6,-140.4,0,0,0,0,0,0
,451,Khalfani Muhammad,RB,0,0,0,0,6.5,-140.5,0,0,0,0,0,0
,452,Richard Rodgers,TE,0,0,0,0,6.5,-87.1,39,-50,102,15,35,-55
,453,Eric Saubert,TE,0,0,0,0,6.4,-87.19999999999999,0,0,0,0,0,0
,454,Eric Tomlinson,TE,0,0,0,0,6.4,-87.19999999999999,0,0,0,0,0,0
,455,Ifeanyi Momah,TE,0,0,0,0,6.4,-87.19999999999999,5,-84,0,0,0,0
,456,Dwayne Harris,WR,0,0,0,0,6.4,-128.2,5,-127,65,-76,8,-127
,457,Michael Roberts,TE,0,0,0,0,6.4,-87.19999999999999,0,0,0,0,0,0
,458,Justin Hunter,WR,0,0,0,0,6.2,-128.4,43,-89,32,-109,68,-67
,459,Darrius Heyward-Bey,WR,0,0,0,0,6.2,-128.4,35,-97,45,-96,1,-134
,460,David Johnson,TE,0,0,0,0,6.1,-87.5,0,0,0,0,0,0
,461,Kapri Bibbs,RB,0,0,0,0,6.1,-140.9,26,-106,null,-123,0,0
,462,Jakeem Grant,WR,0,0,0,0,6,-128.6,-2,-134,0,0,0,0
,463,Jalin Marshall,WR,0,0,0,0,6,-128.6,24,-108,0,0,0,0
,464,T.J. Yates,QB,0,0,0,0,6,-266.9,0,0,0,0,0,0
,465,Damiere Byrd,WR,0,0,0,0,5.9,-128.7,2,-130,0,0,0,0
,466,Mack Hollins,WR,0,0,0,0,5.7,-128.9,0,0,0,0,0,0
,467,Shaun Draughn,RB,0,0,0,0,5.6,-141.4,80,-52,51,-72,2,-119
,468,Garrett Celek,TE,0,0,0,0,5.5,-88.1,51,-38,37,-50,5,-85
,469,Nick Vannett,TE,0,0,0,0,5.5,-88.1,3,-86,0,0,0,0
,470,Aaron Burbridge,WR,0,0,0,0,5.4,-129.2,7,-125,0,0,0,0
,471,Roosevelt Nix,RB,0,0,0,0,5.3,-141.7,1,-131,2,-121,0,0
,472,MarQueis Gray,TE,0,0,0,0,5.1,-88.5,17,-72,null,-87,13,-77
,473,Daniel Lasco,RB,0,0,0,0,5,-142,4,-128,0,0,0,0
,474,Kenjon Barner,RB,0,0,0,0,5,-142,29,-103,13,-110,0,0
,475,Quan Bray,WR,0,0,0,0,4.9,-129.7,4,-128,0,0,0,0
,476,Tajae Sharpe,WR,0,0,0,0,4.9,-129.7,64,-68,0,0,0,0
,477,Rod Streater,WR,0,0,0,0,4.9,-129.7,31,-101,3,-138,14,-121
,478,Ben Braunecker,TE,0,0,0,0,4.8,-88.8,4,-85,0,0,0,0
,479,Ross Travis,TE,0,0,0,0,4.8,-88.8,2,-87,0,0,0,0
,480,Rod Smith,RB,0,0,0,0,4.7,-142.3,null,-132,1,-122,0,0
,481,Fitzgerald Toussaint,RB,0,0,0,0,4.7,-142.3,9,-123,6,-117,4,-117
,482,Cory Harkey,RB,0,0,0,0,4.3,-142.7,0,0,0,0,0,0
,483,Anthony Sherman,RB,0,0,0,0,4.1,-142.9,1,-131,5,-118,14,-107
,484,Matthew Dayes,RB,0,0,0,0,4,-143,0,0,0,0,0,0
,485,Michael Hoomanawanui,TE,0,0,0,0,3.8,-89.8,0,0,24,-63,4,-86
,486,Devante Mays,RB,0,0,0,0,3.8,-143.2,0,0,0,0,0,0
,487,Rodney Adams,WR,0,0,0,0,3.7,-130.9,0,0,0,0,0,0
,488,Derek Watt,RB,0,0,0,0,3.7,-143.3,9,-123,0,0,0,0
,489,Marcel Reece,RB,0,0,0,0,3.6,-143.4,9,-123,49,-74,39,-82
,490,Jared Abbrederis,WR,0,0,0,0,3.2,-131.4,1,-131,13,-128,0,0
,491,Shelton Gibson,WR,0,0,0,0,3.2,-131.4,0,0,0,0,0,0
,492,Joshua Perkins,TE,0,0,0,0,3.2,-90.39999999999999,10,-79,0,0,0,0
,493,Maurice Lynell Harris,WR,0,0,0,0,3.2,-131.4,0,0,0,0,0,0
,494,Ishmael Zamora,WR,0,0,0,0,3.1,-131.5,0,0,0,0,0,0
,495,Niles Paul,TE,0,0,0,0,3.1,-90.5,3,-86,0,0,55,-35
,496,Will Tye,TE,0,0,0,0,3,-90.6,46,-43,62,-25,0,0
,497,Sean McGrath,TE,0,0,0,0,3,-90.6,3,-86,0,0,0,0
,498,Donteea Dye,WR,0,0,0,0,2.9,-131.7,0,0,0,0,0,0
,499,Luke Stocker,TE,0,0,0,0,2.9,-90.69999999999999,2,-87,12,-75,4,-86
,500,James Develin,RB,0,0,0,0,2.9,-144.1,2,-130,0,0,5,-116
,501,Brenton Bersin,WR,0,0,0,0,2.8,-131.79999999999998,2,-130,10,-131,21,-114
,502,David Moore,WR,0,0,0,0,2.7,-131.9,0,0,0,0,0,0
,503,Brett Hundley,QB,0,0,0,0,2.7,-270.2,-2,-270,0,0,0,0
,504,Geoff Swaim,TE,0,0,0,0,2.7,-90.89999999999999,7,-82,null,-87,0,0
,505,Rico Gathers,TE,0,0,0,0,2.7,-90.89999999999999,0,0,0,0,0,0
,506,Cameron Artis-Payne,RB,0,0,0,0,2.7,-144.3,28,-104,30,-93,0,0
,507,Josh Malone,WR,0,0,0,0,2.6,-132,0,0,0,0,0,0
,508,Phillip Supernaw,TE,0,0,0,0,2.6,-91,6,-83,1,-86,3,-87
,509,Chase Daniel,QB,0,0,0,0,2.6,-270.29999999999995,1,-267,null,-285,8,-258
,510,Jay Prosch,RB,0,0,0,0,2.6,-144.4,2,-130,3,-120,2,-119
,511,Tyler Kroft,TE,0,0,0,0,2.6,-91,0,0,0,0,0,0
,512,Neal Sterling,TE,0,0,0,0,2.5,-91.1,11,-78,0,0,0,0
,513,T.J. Logan,RB,0,0,0,0,2.5,-144.5,0,0,0,0,0,0
,514,Jordan Payton,WR,0,0,0,0,2.5,-132.1,null,-132,0,0,0,0
,515,Ryan Fitzpatrick,QB,0,0,0,0,2.5,-270.4,133,-135,285,0,180,-86
,516,Jake Rudock,QB,0,0,0,0,2.5,-270.4,0,0,0,0,0,0
,517,Jimmy Garoppolo,QB,0,0,0,0,2.5,-270.4,35,-233,null,-285,12,-254
,518,Matt Schaub,QB,0,0,0,0,2.4,-270.5,null,-268,29,-256,-4,-270
,519,Randall Telfer,TE,0,0,0,0,2.4,-91.19999999999999,null,-89,0,0,0,0
,520,Geno Smith,QB,0,0,0,0,2.3,-270.59999999999997,8,-260,20,-265,157,-109
,521,Trevone Boykin,QB,0,0,0,0,2.3,-270.59999999999997,8,-260,0,0,0,0
,522,Connor Cook,QB,0,0,0,0,2.3,-270.59999999999997,8,-260,0,0,0,0
,523,Kellen Clemens,QB,0,0,0,0,2.3,-270.59999999999997,null,-268,6,-279,null,-266
,524,Ryan Hewitt,RB,0,0,0,0,2.2,-144.8,1,-131,10,-113,9,-112
,525,Nick Foles,QB,0,0,0,0,2.2,-270.7,28,-240,96,-189,119,-147
,526,Ryan Mallett,QB,0,0,0,0,2.2,-270.7,-2,-270,71,-214,20,-246
,527,Colt McCoy,QB,0,0,0,0,2.2,-270.7,0,0,9,-276,63,-203
,528,Chad Henne,QB,0,0,0,0,2.1,-270.79999999999995,null,-268,0,0,30,-236
,529,Kellen Moore,QB,0,0,0,0,2,-270.9,0,0,33,-252,0,0
,530,AJ McCarron,QB,0,0,0,0,2,-270.9,0,0,0,0,0,0
,531,Sean Mannion,QB,0,0,0,0,1.9,-271,-1,-269,1,-284,0,0
,532,Matt Barkley,QB,0,0,0,0,1.7,-271.2,71,-197,0,0,null,-266
,533,Alex Erickson,WR,0,0,0,0,1.4,-133.2,7,-125,0,0,0,0
,534,Brandon Doughty,QB,0,0,0,0,1.4,-271.5,0,0,0,0,0,0
,535,Brian Parker,TE,0,0,0,0,1.3,-92.3,0,0,1,-86,0,0
,536,Michael Burton,RB,0,0,0,0,1.3,-145.7,0,0,0,0,0,0
,537,Alex Collins,RB,0,0,0,0,1.1,-145.9,25,-107,0,0,0,0
,538,Mario Alford,WR,0,0,0,0,0.8,-133.79999999999998,0,0,0,0,0,0
,539,Eric Weems,WR,0,0,0,0,0.7,-133.9,0,0,0,0,0,0
,540,Trevor Davis,WR,0,0,0,0,0.7,-133.9,6,-126,0,0,0,0
,541,Demarcus Ayers,WR,0,0,0,0,0.6,-134,10,-122,0,0,0,0
,542,Deonte Thompson,WR,0,0,0,0,0.5,-134.1,35,-97,8,-133,null,-135
,543,Cody Latimer,WR,0,0,0,0,0.3,-134.29999999999998,8,-124,12,-129,2,-133
,544,Michael Thomas,WR,0,0,0,0,0.2,-134.4,164,32,0,0,0,0
,545,Jeff Janis,WR,0,0,0,0,0.2,-134.4,25,-107,8,-133,2,-133
,546,DeAngelo Yancey,WR,0,0,0,0,0.2,-134.4,0,0,0,0,0,0
,547,Keenan Reynolds,WR,0,0,0,0,0.1,-134.5,0,0,0,0,0,0
,548,Josh Bellamy,WR,0,0,0,0,0.1,-134.5,38,-94,34,-107,null,-135
,549,Mike Williams,WR,0,0,0,0,0,-134.6,0,0,0,0,20,-115
,550,Steven Means,RB,0,0,0,0,0,-147,0,0,0,0,0,0
,551,Corey Grant,RB,0,0,0,0,0,-147,32,-100,-1,-124,0,0
,552,Mike Vick,QB,0,0,0,0,0,-272.9,0,0,0,0,0,0
,553,Steve Smith Sr.,WR,0,0,0,0,0,-134.6,0,0,0,0,0,0
,554,Shayne Graham,K,0,0,0,0,0,-124.6,0,0,0,0,0,0
,555,Billy Cundiff,K,0,0,0,0,0,-124.6,0,0,0,0,0,0
,556,Shaun Hill,QB,0,0,0,0,0,-272.9,10,-258,null,-285,89,-177
,557,Andre Johnson,WR,0,0,0,0,0,-134.6,21,-111,76,-65,106,-29
,558,Anquan Boldin,WR,0,0,0,0,0,-134.6,106,-26,103,-38,137,2
,559,Josh Brown,K,0,0,0,0,0,-124.6,0,0,0,0,0,0
,560,Tony Romo,QB,0,0,0,0,0,-272.9,5,-263,41,-244,266,0
,561,Kellen Winslow,TE,0,0,0,0,0,-93.6,0,0,0,0,0,0
,562,Steven Jackson,RB,0,0,0,0,0,-147,0,0,13,-110,122,1
,563,Luke McCown,QB,0,0,0,0,0,-272.9,0,0,13,-272,null,-266
,564,Jerricho Cotchery,WR,0,0,0,0,0,-134.6,0,0,68,-73,66,-69
,565,Josh Scobee,K,0,0,0,0,0,-124.6,0,0,0,0,0,0
,566,Wes Welker,WR,0,0,0,0,0,-134.6,0,0,10,-131,58,-77
,567,Roddy White,WR,0,0,0,0,0,-134.6,0,0,57,-84,132,-3
,568,Vincent Jackson,WR,0,0,0,0,0,-134.6,21,-111,74,-67,110,-25
,569,Alex Smith,TE,0,0,0,0,0,-93.6,0,0,0,0,0,0
,570,Dan Orlovsky,QB,0,0,0,0,0,-272.9,0,0,10,-275,0,0
,571,Joshua Cribbs,WR,0,0,0,0,0,-134.6,0,0,0,0,0,0
,572,Nate Washington,WR,0,0,0,0,0,-134.6,0,0,90,-51,77,-58
,573,Shaun Suisham,K,0,0,0,0,0,-124.6,0,0,0,0,0,0
,574,Lance Moore,WR,0,0,0,0,0,-134.6,0,0,56,-85,34,-101
,575,Reggie Bush,RB,0,0,0,0,0,-147,17,-115,5,-118,67,-54
,576,Jay Cutler,QB,0,0,0,0,0,-272.9,47,-221,230,-55,256,-10
,577,DeAngelo Williams,RB,0,0,0,0,0,-147,84,-48,191,68,24,-97
,578,Greg Jennings,WR,0,0,0,0,0,-134.6,0,0,27,-114,110,-25
,579,Devin Hester,WR,0,0,0,0,0,-134.6,0,0,0,0,70,-65
,580,Tarvaris Jackson,QB,0,0,0,0,0,-272.9,0,0,1,-284,null,-266
,581,Charlie Whitehurst,QB,0,0,0,0,0,-272.9,11,-257,4,-281,87,-179
,582,Derek Hagan,WR,0,0,0,0,0,-134.6,0,0,0,0,31,-104
,583,Owen Daniels,TE,0,0,0,0,0,-93.6,0,0,70,-17,77,-13
,584,Jason Avant,WR,0,0,0,0,0,-134.6,0,0,14,-127,41,-94
,585,Bruce Gradkowski,QB,0,0,0,0,0,-272.9,0,0,0,0,null,-266
,586,Marques Colston,WR,0,0,0,0,0,-134.6,0,0,78,-63,118,-17
,587,Miles Austin,WR,0,0,0,0,0,-134.6,0,0,28,-113,69,-66
,588,Fred Jackson,RB,0,0,0,0,0,-147,0,0,46,-77,123,2
,589,Daniel Fells,TE,0,0,0,0,0,-93.6,0,0,6,-81,41,-49
,590,Calvin Johnson,WR,0,0,0,0,0,-134.6,0,0,173,32,156,21
,591,Dwayne Bowe,WR,0,0,0,0,0,-134.6,0,0,5,-136,77,-58
,592,Jacoby Jones,WR,0,0,0,0,0,-134.6,0,0,0,0,11,-124
,593,Matt Spaeth,TE,0,0,0,0,0,-93.6,0,0,1,-86,13,-77
,594,James Jones,WR,0,0,0,0,0,-134.6,0,0,141,0,101,-34
,595,Scott Chandler,TE,0,0,0,0,0,-93.6,0,0,50,-37,68,-22
,596,Clark Harris,TE,0,0,0,0,0,-93.6,0,0,0,0,0,0
,597,Ahmad Bradshaw,RB,0,0,0,0,0,-147,0,0,33,-90,117,-4
,598,Pierre Thomas,RB,0,0,0,0,0,-147,0,0,15,-108,78,-43
,599,Eddie Royal,WR,0,0,0,0,0,-134.6,49,-83,30,-111,119,-16
,600,Jerome Simpson,WR,0,0,0,0,0,-134.6,0,0,11,-130,0,0
,601,Fred Davis,TE,0,0,0,0,0,-93.6,0,0,0,0,0,0
,602,Harry Douglas,WR,0,0,0,0,0,-134.6,21,-111,51,-90,70,-65
,603,Craig Stevens,TE,0,0,0,0,0,-93.6,0,0,24,-63,3,-87
,604,Andre Jerome Caldwell,WR,0,0,0,0,0,-134.6,0,0,0,0,0,0
,605,Gary Barnidge,TE,0,0,0,0,0,-93.6,75,-14,158,71,16,-74
,606,Jerome Felton,RB,0,0,0,0,0,-147,7,-125,1,-122,3,-118
,607,Jacob Tamme,TE,0,0,0,0,0,-93.6,39,-50,72,-15,21,-69
,608,Matthew Slater,WR,0,0,0,0,0,-134.6,0,0,0,0,0,0
,609,Kellen Davis,TE,0,0,0,0,0,-93.6,0,0,0,0,0,0
,610,Josh Javon Johnson,QB,0,0,0,0,0,-272.9,0,0,0,0,0,0
,611,Matt Flynn,QB,0,0,0,0,0,-272.9,0,0,0,0,-2,-268
,612,Stevie Johnson,WR,0,0,0,0,0,-134.6,0,0,0,0,0,0
,613,Justin Forsett,RB,0,0,0,0,0,-147,42,-90,93,-30,205,84
,614,Garrett Hartley,K,0,0,0,0,0,-124.6,0,0,0,0,0,0
,615,Dan Carpenter,K,0,0,0,0,0,-124.6,0,0,0,0,0,0
,616,Matthew Mulligan,TE,0,0,0,0,0,-93.6,1,-88,null,-87,null,-90
,617,Graham Gano,K,0,0,0,0,0,-124.6,0,0,0,0,0,0
,618,Josh Freeman,QB,0,0,0,0,0,-272.9,0,0,10,-275,0,0
,619,Mark Sanchez,QB,0,0,0,0,0,-272.9,null,-268,33,-252,139,-127
,620,Donald Brown,RB,0,0,0,0,0,-147,0,0,38,-85,43,-78
,621,Arian Foster,RB,0,0,0,0,0,-147,13,-119,55,-68,236,115
,622,Rashad Jennings,RB,0,0,0,0,0,-147,103,-29,136,13,109,-12
,623,Jorvorskie Lane,RB,0,0,0,0,0,-147,0,0,1,-122,6,-115
,624,Cedric Peerman,RB,0,0,0,0,0,-147,2,-130,null,-123,7,-114
,625,Marcus Thigpen,RB,0,0,0,0,0,-147,0,0,0,0,0,0
,626,James Casey,TE,0,0,0,0,0,-93.6,0,0,0,0,0,0
,627,Chase Coffman,TE,0,0,0,0,0,-93.6,0,0,0,0,0,0
,628,Bear Pascoe,TE,0,0,0,0,0,-93.6,0,0,0,0,0,0
,629,Brandon Pettigrew,TE,0,0,0,0,0,-93.6,0,0,13,-74,7,-83
,630,John Phillips,TE,0,0,0,0,0,-93.6,13,-76,13,-74,6,-84
,631,Brandon Gibson,WR,0,0,0,0,0,-134.6,0,0,0,0,36,-99
,632,Brian Hartline,WR,0,0,0,0,0,-134.6,0,0,64,-77,59,-76
,633,Percy Harvin,WR,0,0,0,0,0,-134.6,2,-130,35,-106,79,-56
,634,Louis Murphy,WR,0,0,0,0,0,-134.6,0,0,20,-121,50,-85
,635,Hakeem Nicks,WR,0,0,0,0,0,-134.6,0,0,5,-136,65,-70
,636,Jordan Norwood,WR,0,0,0,0,0,-134.6,23,-109,21,-120,0,0
,637,Kevin Ogletree,WR,0,0,0,0,0,-134.6,0,0,0,0,5,-130
,638,Brandon Myers,TE,0,0,0,0,0,-93.6,14,-75,13,-74,19,-71
,639,Antone Smith,RB,0,0,0,0,0,-147,10,-122,1,-122,65,-56
,640,Jimmy Clausen,QB,0,0,0,0,0,-272.9,0,0,33,-252,16,-250
,641,Dan LeFevour,QB,0,0,0,0,0,-272.9,0,0,0,0,0,0
,642,C.J. Spiller,RB,0,0,0,0,0,-147,13,-119,47,-76,47,-74
,643,Ryan Mathews,RB,0,0,0,0,0,-147,132,0,105,-18,58,-63
,644,Dexter McCluster,RB,0,0,0,0,0,-147,0,0,0,0,0,0
,645,Ben Tate,RB,0,0,0,0,0,-147,0,0,0,0,70,-51
,646,Toby Gerhart,RB,0,0,0,0,0,-147,0,0,7,-116,61,-60
,647,Boobie Dixon,RB,0,0,0,0,0,-147,0,0,0,0,0,0
,648,James Starks,RB,0,0,0,0,0,-147,42,-90,123,0,59,-62
,649,Arrelious Benn,WR,0,0,0,0,0,-134.6,18,-114,0,0,0,0
,650,Marcus Easley,WR,0,0,0,0,0,-134.6,0,0,12,-129,0,0
,651,Riley Cooper,WR,0,0,0,0,0,-134.6,0,0,45,-96,74,-61
,652,Dennis Pitta,TE,0,0,0,0,0,-93.6,83,-6,0,0,13,-77
,653,Tony Moeaki,TE,0,0,0,0,0,-93.6,0,0,12,-75,19,-71
,654,Jim Dray,TE,0,0,0,0,0,-93.6,0,0,0,0,0,0
,655,Garrett Graham,TE,0,0,0,0,0,-93.6,0,0,9,-78,26,-64
,656,Clay Harbor,TE,0,0,0,0,0,-93.6,2,-87,23,-64,37,-53
,657,Marc Mariani,WR,0,0,0,0,0,-134.6,2,-130,30,-111,0,0
,658,Anthony McCoy,TE,0,0,0,0,0,-93.6,0,0,0,0,0,0
,659,Andrew Quarless,TE,0,0,0,0,0,-93.6,0,0,3,-84,54,-36
,660,Joe Webb,QB,0,0,0,0,0,-272.9,null,-268,null,-285,2,-264
,661,Kyle Williams,WR,0,0,0,0,0,-134.6,0,0,0,0,0,0
,662,Seyi Ajirotutu,WR,0,0,0,0,0,-134.6,0,0,null,-141,5,-130
,663,Joique Bell,RB,0,0,0,0,0,-147,null,-132,86,-37,166,45
,664,Richie Brockel,TE,0,0,0,0,0,-93.6,0,0,0,0,0,0
,665,Jeff Cumberland,TE,0,0,0,0,0,-93.6,0,0,8,-79,43,-47
,666,Thaddeus Lewis,QB,0,0,0,0,0,-272.9,0,0,0,0,0,0
,667,Marlon Moore,WR,0,0,0,0,0,-134.6,0,0,14,-127,null,-135
,668,Bryan Walters,WR,0,0,0,0,0,-134.6,34,-98,43,-98,6,-129
,669,Preston Parker,WR,0,0,0,0,0,-134.6,0,0,4,-137,52,-83
,670,Danario Alexander,WR,0,0,0,0,0,-134.6,0,0,0,0,0,0
,671,Tyler Clutts,RB,0,0,0,0,0,-147,0,0,null,-123,null,-121
,672,Andrew Hawkins,WR,0,0,0,0,0,-134.6,50,-82,28,-113,96,-39
,673,Christian Ponder,QB,0,0,0,0,0,-272.9,0,0,0,0,12,-254
,674,Blaine Gabbert,QB,0,0,0,0,0,-272.9,73,-195,130,-155,6,-260
,675,Colin Kaepernick,QB,0,0,0,0,0,-272.9,200,-68,112,-173,251,-15
,676,Rob Housler,TE,0,0,0,0,0,-93.6,0,0,3,-84,13,-77
,677,Leonard Hankerson,WR,0,0,0,0,0,-134.6,0,0,51,-90,null,-135
,678,Greg Little,WR,0,0,0,0,0,-134.6,0,0,0,0,7,-128
,679,Vincent Brown,WR,0,0,0,0,0,-134.6,0,0,2,-139,12,-123
,680,Stevan Ridley,RB,0,0,0,0,0,-147,1,-131,9,-114,48,-73
,681,Ryan Williams,RB,0,0,0,0,0,-147,0,0,0,0,0,0
,682,Daniel Thomas,RB,0,0,0,0,0,-147,0,0,0,0,41,-80
,683,Bruce Miller,TE,0,0,0,0,0,-93.6,0,0,0,0,0,0
,684,David Ausberry,TE,0,0,0,0,0,-93.6,0,0,0,0,1,-89
,685,Greg Salas,WR,0,0,0,0,0,-134.6,15,-117,4,-137,25,-110
,686,Denarius Moore,WR,0,0,0,0,0,-134.6,0,0,0,0,10,-125
,687,D.J. Williams,TE,0,0,0,0,0,-93.6,0,0,0,0,0,0
,688,Kendall Hunter,RB,0,0,0,0,0,-147,0,0,null,-123,0,0
,689,Taiwan Jones,RB,0,0,0,0,0,-147,4,-128,22,-101,0,0
,690,Cecil Shorts III,WR,0,0,0,0,0,-134.6,0,0,0,0,0,0
,691,Jordan Todman,RB,0,0,0,0,0,-147,6,-126,2,-121,50,-71
,692,Jordan Cameron,TE,0,0,0,0,0,-93.6,12,-77,57,-30,54,-36
,693,Roy Helu Jr.,RB,0,0,0,0,0,-147,0,0,0,0,0,0
,694,DuJuan Harris,RB,0,0,0,0,0,-147,27,-105,27,-96,8,-113
,695,Jerrod Johnson,QB,0,0,0,0,0,-272.9,0,0,0,0,0,0
,696,Ricardo Lockette,WR,0,0,0,0,0,-134.6,0,0,13,-128,32,-103
,697,Matt Asiata,RB,0,0,0,0,0,-147,101,-31,24,-99,150,29
,698,Joe Morgan,WR,0,0,0,0,0,-134.6,0,0,0,0,16,-119
,699,Jeremy Ross,WR,0,0,0,0,0,-134.6,10,-122,3,-138,33,-102
,700,Chase Reynolds,RB,0,0,0,0,0,-147,null,-132,0,0,0,0
,701,Will Johnson,RB,0,0,0,0,0,-147,0,0,10,-113,4,-117
,702,Robert Griffin III,QB,0,0,0,0,0,-272.9,0,0,0,0,0,0
,703,Brandon Weeden,QB,0,0,0,0,0,-272.9,0,0,66,-219,20,-246
,704,Brock Osweiler,QB,0,0,0,0,0,-272.9,168,-100,119,-166,6,-260
,705,Ryan Lindley,QB,0,0,0,0,0,-272.9,0,0,6,-279,22,-244
,706,Trent Richardson,RB,0,0,0,0,0,-147,0,0,0,0,91,-30
,707,Isaiah Pead,RB,0,0,0,0,0,-147,3,-129,-2,-125,0,0
,708,Chris Polk,RB,0,0,0,0,0,-147,0,0,56,-67,43,-78
,709,LaMike James,RB,0,0,0,0,0,-147,0,0,0,0,0,0
,710,Bernard Pierce,RB,0,0,0,0,0,-147,0,0,2,-121,48,-73
,711,Ronnie Hillman,RB,0,0,0,0,0,-147,22,-110,137,14,81,-40
,712,Cyrus Gray,RB,0,0,0,0,0,-147,0,0,0,0,9,-112
,713,Vick Ballard,RB,0,0,0,0,0,-147,0,0,0,0,0,0
,714,Orson Charles,TE,0,0,0,0,0,-93.6,0,0,0,0,0,0
,715,Ladarius Green,TE,0,0,0,0,0,-93.6,38,-51,71,-16,23,-67
,716,Justin Blackmon,WR,0,0,0,0,0,-134.6,0,0,0,0,0,0
,717,Stephen Hill,WR,0,0,0,0,0,-134.6,0,0,0,0,0,0
,718,Rueben Randle,WR,0,0,0,0,0,-134.6,0,0,128,-13,112,-23
,719,Brian Quick,WR,0,0,0,0,0,-134.6,74,-58,10,-131,56,-79
,720,Keshawn Martin,WR,0,0,0,0,0,-134.6,0,0,0,0,0,0
,721,Trevor Graham,WR,0,0,0,0,0,-134.6,0,0,0,0,0,0
,722,Nick Toon,WR,0,0,0,0,0,-134.6,0,0,0,0,0,0
,723,DeVier Posey,WR,0,0,0,0,0,-134.6,0,0,0,0,3,-132
,724,LaVon Brazill,WR,0,0,0,0,0,-134.6,0,0,0,0,0,0
,725,Daniel Herron,RB,0,0,0,0,0,-147,0,0,0,0,0,0
,726,Chris Givens,WR,0,0,0,0,0,-134.6,0,0,43,-98,22,-113
,727,Randy Bullock,K,0,0,0,0,0,-124.6,0,0,0,0,0,0
,728,Bryce Brown,RB,0,0,0,0,0,-147,0,0,13,-110,28,-93
,729,Daryl Richardson,RB,0,0,0,0,0,-147,1,-131,0,0,0,0
,730,Greg Scruggs,TE,0,0,0,0,0,-93.6,0,0,0,0,0,0
,731,Kashif Moore,WR,0,0,0,0,0,-134.6,0,0,0,0,0,0
,732,Austin Davis,QB,0,0,0,0,0,-272.9,0,0,19,-266,108,-158
,733,Nathan Palmer,WR,0,0,0,0,0,-134.6,0,0,0,0,0,0
,734,Chris Owusu,WR,0,0,0,0,0,-134.6,0,0,8,-133,22,-113
,735,Brian Tyms,WR,0,0,0,0,0,-134.6,0,0,0,0,14,-121
,736,Joe Banyard,RB,0,0,0,0,0,-147,1,-131,null,-123,15,-106
,737,Jeff Fuller,WR,0,0,0,0,0,-134.6,0,0,0,0,0,0
,738,Derrick Coleman,RB,0,0,0,0,0,-147,0,0,3,-120,9,-112
,739,Jarrett Boykin,WR,0,0,0,0,0,-134.6,0,0,0,0,2,-133
,740,Griff Whalen,WR,0,0,0,0,0,-134.6,2,-130,23,-118,null,-135
,741,Jonas Gray,RB,0,0,0,0,0,-147,0,0,25,-98,72,-49
,742,Dominique Jones,TE,0,0,0,0,0,-93.6,12,-77,0,0,null,-90
,743,Derek Carrier,TE,0,0,0,0,0,-93.6,3,-86,20,-67,11,-79
,744,Matt Simms,QB,0,0,0,0,0,-272.9,0,0,0,0,2,-264
,745,Travaris Cadet,RB,0,0,0,0,0,-147,54,-78,28,-95,35,-86
,746,Brandon Bolden,RB,0,0,0,0,0,-147,2,-130,51,-72,16,-105
,747,LaRon Byrd,WR,0,0,0,0,0,-134.6,0,0,0,0,0,0
,748,Brittan Golden,WR,0,0,0,0,0,-134.6,12,-120,1,-140,0,0
,749,Damaris Johnson,WR,0,0,0,0,0,-134.6,0,0,1,-140,41,-94
,750,Jonathan Grimes,RB,0,0,0,0,0,-147,20,-112,62,-61,24,-97
,751,Chase Ford,TE,0,0,0,0,0,-93.6,0,0,0,0,32,-58
,752,Cooper Helfet,TE,0,0,0,0,0,-93.6,0,0,13,-74,31,-59
,753,Brandon Bostick,TE,0,0,0,0,0,-93.6,6,-83,0,0,6,-84
,754,Alex Tanney,QB,0,0,0,0,0,-272.9,0,0,8,-277,0,0
,755,Josh Gordon,WR,0,0,0,0,0,-134.6,0,0,0,0,30,-105
,756,Larry Donnell,TE,0,0,0,0,0,-93.6,13,-76,34,-53,90,0
,757,Brandon Bogotay,K,0,0,0,0,0,-124.6,0,0,0,0,0,0
,758,EJ Manuel,QB,0,0,0,0,0,-272.9,7,-261,39,-246,59,-207
,759,Stedman Bailey,WR,0,0,0,0,0,-134.6,0,0,24,-117,51,-84
,760,Montee Ball,RB,0,0,0,0,0,-147,0,0,0,0,27,-94
,761,Knile Davis,RB,0,0,0,0,0,-147,5,-127,16,-107,99,-22
,762,Aaron Dobson,WR,0,0,0,0,0,-134.6,0,0,14,-127,4,-131
,763,Gavin Escobar,TE,0,0,0,0,0,-93.6,9,-80,10,-77,35,-55
,764,Christine Michael,RB,0,0,0,0,0,-147,117,-15,26,-97,19,-102
,765,Charles D. Johnson,WR,0,0,0,0,0,-134.6,0,0,0,0,0,0
,766,Ryan Nassib,QB,0,0,0,0,0,-272.9,0,0,7,-278,2,-264
,767,Sean Renfree,QB,0,0,0,0,0,-272.9,0,0,null,-285,0,0
,768,B.J. Daniels,WR,0,0,0,0,0,-134.6,0,0,3,-138,0,0
,769,Michael Williams,TE,0,0,0,0,0,-93.6,0,0,3,-84,0,0
,770,Zac Dysert,QB,0,0,0,0,0,-272.9,0,0,0,0,0,0
,771,Chris Gragg,TE,0,0,0,0,0,-93.6,0,0,15,-72,11,-79
,772,Denard Robinson,RB,0,0,0,0,0,-147,17,-115,47,-76,91,-30
,773,Mike James,RB,0,0,0,0,0,-147,4,-128,0,0,3,-118
,774,Tommy Bohanon,RB,0,0,0,0,0,-147,0,0,6,-117,3,-118
,775,Stepfan Taylor,RB,0,0,0,0,0,-147,1,-131,6,-117,55,-66
,776,Cobi Hamilton,WR,0,0,0,0,0,-134.6,35,-97,0,0,null,-135
,777,Justice Cunningham,TE,0,0,0,0,0,-93.6,0,0,0,0,0,0
,778,Zac Stacy,RB,0,0,0,0,0,-147,0,0,21,-102,47,-74
,779,Josh Boyce,WR,0,0,0,0,0,-134.6,0,0,0,0,0,0
,780,Chris Harper,WR,0,0,0,0,0,-134.6,13,-119,-1,-142,0,0
,781,Joseph Randle,RB,0,0,0,0,0,-147,0,0,64,-59,51,-70
,782,Corey Fuller,WR,0,0,0,0,0,-134.6,0,0,6,-135,25,-110
,783,Marquess Wilson,WR,0,0,0,0,0,-134.6,22,-110,52,-89,20,-115
,784,Quinton Patton,WR,0,0,0,0,0,-134.6,41,-91,46,-95,4,-131
,785,Kendall Gaskins,RB,0,0,0,0,0,-147,0,0,11,-112,0,0
,786,Steven Miller,RB,0,0,0,0,0,-147,0,0,0,0,0,0
,787,Ryan Griffin,QB,0,0,0,0,0,-272.9,0,0,0,0,0,0
,788,Da'Rick Rogers,WR,0,0,0,0,0,-134.6,0,0,0,0,0,0
,789,Chris Pantale,TE,0,0,0,0,0,-93.6,0,0,0,0,0,0
,790,Ryan Spadola,WR,0,0,0,0,0,-134.6,0,0,0,0,0,0
,791,Tyler Bray,QB,0,0,0,0,0,-272.9,0,0,0,0,0,0
,792,Timothy Wright,TE,0,0,0,0,0,-93.6,0,0,0,0,0,0
,793,Brandon Williams,TE,0,0,0,0,0,-93.6,0,0,0,0,0,0
,794,Nick Williams,WR,0,0,0,0,0,-134.6,6,-126,28,-113,0,0
,795,Zach Line,RB,0,0,0,0,0,-147,0,0,0,0,0,0
,796,Rodney Smith,WR,0,0,0,0,0,-134.6,0,0,0,0,0,0
,797,Kenbrell Thompkins,WR,0,0,0,0,0,-134.6,0,0,17,-124,27,-108
,798,Zach Sudfeld,TE,0,0,0,0,0,-93.6,0,0,0,0,9,-81
,799,George Winn,RB,0,0,0,0,0,-147,0,0,null,-123,7,-114
,800,Jake Stoneburner,TE,0,0,0,0,0,-93.6,0,0,17,-70,0,0
,801,Khiry Robinson,RB,0,0,0,0,0,-147,null,-132,54,-69,57,-64
,802,Myles White,WR,0,0,0,0,0,-134.6,0,0,15,-126,0,0
,803,Marlon Brown,WR,0,0,0,0,0,-134.6,0,0,11,-130,26,-109
,804,Matt McGloin,QB,0,0,0,0,0,-272.9,2,-266,12,-273,5,-261
,805,Johnny Manziel,QB,0,0,0,0,0,-272.9,0,0,95,-190,12,-254
,806,Dri Archer,RB,0,0,0,0,0,-147,0,0,0,0,0,0
,807,Crockett Gillmore,TE,0,0,0,0,0,-93.6,13,-76,65,-22,18,-72
,808,Josh Huff,WR,0,0,0,0,0,-134.6,19,-113,49,-92,9,-126
,809,Tre Mason,RB,0,0,0,0,0,-147,0,0,34,-89,119,-2
,810,Jace Amaro,TE,0,0,0,0,0,-93.6,6,-83,0,0,49,-41
,811,Bishop Sankey,RB,0,0,0,0,0,-147,0,0,43,-80,78,-43
,812,Shaq Evans,WR,0,0,0,0,0,-134.6,0,0,0,0,0,0
,813,Tajh Boyd,QB,0,0,0,0,0,-272.9,0,0,0,0,0,0
,814,Zach Mettenberger,QB,0,0,0,0,0,-272.9,0,0,44,-241,71,-195
,815,David Fales,QB,0,0,0,0,0,-272.9,1,-267,0,0,0,0
,816,Jeremy Gallon,WR,0,0,0,0,0,-134.6,0,0,0,0,0,0
,817,Tyler Gaffney,RB,0,0,0,0,0,-147,0,0,0,0,0,0
,818,Kevin Norwood,WR,0,0,0,0,0,-134.6,0,0,0,0,0,0
,819,Storm Johnson,RB,0,0,0,0,0,-147,0,0,0,0,20,-101
,820,Lache Seastrunk,RB,0,0,0,0,0,-147,0,0,0,0,0,0
,821,Keith Wenning,QB,0,0,0,0,0,-272.9,0,0,0,0,0,0
,822,Zach Hocker,K,0,0,0,0,0,-124.6,0,0,0,0,0,0
,823,Jalen Saunders,WR,0,0,0,0,0,-134.6,0,0,0,0,-1,-136
,824,Ka'Deem Carey,RB,0,0,0,0,0,-147,18,-114,34,-89,22,-99
,825,Bruce Ellington,WR,0,0,0,0,0,-134.6,0,0,14,-127,27,-108
,826,Marion Grice,RB,0,0,0,0,0,-147,0,0,0,0,13,-108
,827,Aaron Murray,QB,0,0,0,0,0,-272.9,0,0,0,0,0,0
,828,Devin Street,WR,0,0,0,0,0,-134.6,2,-130,15,-126,2,-133
,829,Corey Washington,WR,0,0,0,0,0,-134.6,0,0,0,0,11,-124
,830,Juwan Thompson,RB,0,0,0,0,0,-147,9,-123,10,-113,48,-73
,831,Robert Herron,WR,0,0,0,0,0,-134.6,0,0,0,0,12,-123
,832,Antonio Andrews,RB,0,0,0,0,0,-147,2,-130,91,-32,1,-120
,833,Darrin Reaves,RB,0,0,0,0,0,-147,0,0,0,0,11,-110
,834,Travis Coons,K,0,0,0,0,0,-124.6,0,0,0,0,0,0
,835,Silas Redd,RB,0,0,0,0,0,-147,0,0,0,0,24,-97
,836,Cody Parkey,K,0,0,0,0,0,-124.6,0,0,0,0,0,0
,837,Patrick Murray,K,0,0,0,0,0,-124.6,0,0,0,0,0,0
,838,Frankie Hammond,WR,0,0,0,0,0,-134.6,0,0,0,0,0,0
,839,Trey Watts,RB,0,0,0,0,0,-147,0,0,0,0,0,0
,840,Austin Johnson,RB,0,0,0,0,0,-147,0,0,10,-113,10,-111
,841,Brian Leonhardt,TE,0,0,0,0,0,-93.6,0,0,null,-87,10,-80
,842,James Wright,WR,0,0,0,0,0,-134.6,10,-122,0,0,12,-123
,843,Isaiah Burse,WR,0,0,0,0,0,-134.6,0,0,0,0,0,0
,844,Jeremy Butler,WR,0,0,0,0,0,-134.6,1,-131,36,-105,0,0
,845,Damian Copeland,WR,0,0,0,0,0,-134.6,0,0,0,0,0,0
,846,Jonathan Krause,WR,0,0,0,0,0,-134.6,0,0,1,-140,0,0
,847,Matt Blanchard,QB,0,0,0,0,0,-272.9,0,0,0,0,0,0
,848,Dustin Vaughan,QB,0,0,0,0,0,-272.9,0,0,0,0,0,0
,849,Orleans Darkwa,RB,0,0,0,0,0,-147,24,-108,24,-99,13,-108
,850,Senorise Perry,RB,0,0,0,0,0,-147,0,0,0,0,null,-121
,851,Glenn Winston,RB,0,0,0,0,0,-147,0,0,-3,-126,null,-121
,852,Jordan Gay,K,0,0,0,0,0,-124.6,0,0,0,0,0,0
,853,Walter Powell,WR,0,0,0,0,0,-134.6,0,0,0,0,0,0
,854,Marcel Jensen,TE,0,0,0,0,0,-93.6,0,0,0,0,0,0
,855,Asante Cleveland,TE,0,0,0,0,0,-93.6,0,0,0,0,0,0
,856,Rashad Ross,WR,0,0,0,0,0,-134.6,1,-131,24,-117,null,-135
,857,Nic Jacobs,TE,0,0,0,0,0,-93.6,0,0,1,-86,8,-82
,858,Freddie Martino,WR,0,0,0,0,0,-134.6,20,-112,0,0,null,-135
,859,Blake Annen,TE,0,0,0,0,0,-93.6,0,0,0,0,0,0
,860,RaShaun Allen,TE,0,0,0,0,0,-93.6,0,0,0,0,0,0
,861,Justin Perillo,TE,0,0,0,0,0,-93.6,4,-85,16,-71,0,0
,862,Connor Shaw,QB,0,0,0,0,0,-272.9,0,0,0,0,4,-262
,863,Kevin Smith,WR,0,0,0,0,0,-134.6,0,0,6,-135,0,0
,864,Andre Debose,WR,0,0,0,0,0,-134.6,0,0,0,0,0,0
,865,James O'Shaughnessy,TE,0,0,0,0,0,-93.6,null,-89,9,-78,0,0
,866,MyCole Pruitt,TE,0,0,0,0,0,-93.6,1,-88,9,-78,0,0
,867,DiAndre Campbell,WR,0,0,0,0,0,-134.6,0,0,0,0,0,0
,868,Gerald Christian,TE,0,0,0,0,0,-93.6,1,-88,0,0,0,0
,869,Issac Blakeney,WR,0,0,0,0,0,-134.6,0,0,0,0,0,0
,870,Geremy Davis,WR,0,0,0,0,0,-134.6,0,0,0,0,0,0
,871,Da'Ron Brown,WR,0,0,0,0,0,-134.6,0,0,0,0,0,0
,872,Marcus Murphy,RB,0,0,0,0,0,-147,null,-132,-2,-125,0,0
,873,Kenny Bell,WR,0,0,0,0,0,-134.6,0,0,0,0,0,0
,874,Blake Bell,TE,0,0,0,0,0,-93.6,9,-80,19,-68,0,0
,875,Dres Anderson,WR,0,0,0,0,0,-134.6,0,0,0,0,0,0
,876,Keith Mumphery,WR,0,0,0,0,0,-134.6,7,-125,13,-128,0,0
,877,Jalston Fowler,RB,0,0,0,0,0,-147,2,-130,20,-103,0,0
,878,DeAndrew White,WR,0,0,0,0,0,-134.6,0,0,2,-139,0,0
,879,Malcolm Johnson,RB,0,0,0,0,0,-147,3,-129,2,-121,0,0
,880,Dylan Thompson,QB,0,0,0,0,0,-272.9,0,0,0,0,0,0
,881,Kaelin Clay,WR,0,0,0,0,0,-134.6,0,0,0,0,0,0
,882,Joey Iosefa,RB,0,0,0,0,0,-147,0,0,5,-118,0,0
,883,Chris Manhertz,TE,0,0,0,0,0,-93.6,1,-88,0,0,0,0
,884,Tre McBride,WR,0,0,0,0,0,-134.6,0,0,0,0,0,0
,885,Dezmin Lewis,WR,0,0,0,0,0,-134.6,0,0,0,0,0,0
,886,Garrett Grayson,QB,0,0,0,0,0,-272.9,0,0,0,0,0,0
,887,David Cobb,RB,0,0,0,0,0,-147,0,0,20,-103,0,0
,888,Devin Smith,WR,0,0,0,0,0,-134.6,2,-130,16,-125,0,0
,889,Evan Spencer,WR,0,0,0,0,0,-134.6,0,0,0,0,0,0
,890,Karlos Williams,RB,0,0,0,0,0,-147,0,0,113,-10,0,0
,891,Darren Waller,TE,0,0,0,0,0,-93.6,21,-68,2,-85,0,0
,892,Kenny Hilliard,RB,0,0,0,0,0,-147,0,0,0,0,0,0
,893,Josh Robinson,RB,0,0,0,0,0,-147,0,0,5,-118,0,0
,894,Busta Anderson,TE,0,0,0,0,0,-93.6,0,0,0,0,0,0
,895,Kennard Backman,TE,0,0,0,0,0,-93.6,0,0,0,0,0,0
,896,Tyler Varga,RB,0,0,0,0,0,-147,0,0,2,-121,0,0
,897,Dorial Green-Beckham,WR,0,0,0,0,0,-134.6,51,-81,81,-60,0,0
,898,Matt Jones,RB,0,0,0,0,0,-147,67,-65,95,-28,0,0
,899,Mike Davis,RB,0,0,0,0,0,-147,12,-120,10,-113,0,0
,900,Vince Mayle,WR,0,0,0,0,0,-134.6,0,0,0,0,0,0
,901,DeAndre Smelter,WR,0,0,0,0,0,-134.6,2,-130,0,0,0,0
,902,Duron Carter,WR,0,0,0,0,0,-134.6,0,0,0,0,0,0
,903,Antwan Goodley,WR,0,0,0,0,0,-134.6,0,0,0,0,0,0
,904,Chris Matthews,WR,0,0,0,0,0,-134.6,0,0,21,-120,0,0
,905,Michael Dyer,RB,0,0,0,0,0,-147,0,0,0,0,0,0
,906,John Crockett,RB,0,0,0,0,0,-147,0,0,2,-121,0,0
,907,Terrence Magee,RB,0,0,0,0,0,-147,1,-131,1,-122,0,0
,908,Seantavius Jones,WR,0,0,0,0,0,-134.6,0,0,0,0,0,0
,909,Gus Johnson,RB,0,0,0,0,0,-147,0,0,0,0,0,0
,910,Kyle Brindza,K,0,0,0,0,0,-124.6,0,0,0,0,0,0
,911,Jarryd Hayne,RB,0,0,0,0,0,-147,0,0,6,-117,0,0
,912,Brandon Wegher,RB,0,0,0,0,0,-147,0,0,0,0,0,0
,913,Alonzo Harris,RB,0,0,0,0,0,-147,0,0,2,-121,0,0
,914,E.J. Bibbs,TE,0,0,0,0,0,-93.6,0,0,1,-86,0,0
,915,Khari Lee,TE,0,0,0,0,0,-93.6,0,0,0,0,0,0
,916,Lucky Whitehead,WR,0,0,0,0,0,-134.6,11,-121,10,-131,0,0
,917,Nikita Whitlock,RB,0,0,0,0,0,-147,0,0,0,0,0,0
,918,Jerome Cunningham,TE,0,0,0,0,0,-93.6,0,0,6,-81,0,0
,919,Matt Hazel,WR,0,0,0,0,0,-134.6,0,0,0,0,0,0
,920,Raheem Mostert,RB,0,0,0,0,0,-147,1,-131,0,0,0,0
,921,Tyler Murphy,WR,0,0,0,0,0,-134.6,0,0,0,0,0,0
,922,Bradley Marquez,WR,0,0,0,0,0,-134.6,4,-128,7,-134,0,0
,923,Wes Saxton,TE,0,0,0,0,0,-93.6,0,0,0,0,0,0
,924,Trey Williams,RB,0,0,0,0,0,-147,0,0,1,-122,0,0
,925,Javontee Herndon,WR,0,0,0,0,0,-134.6,0,0,19,-122,0,0
,926,Daniel Brown,TE,0,0,0,0,0,-93.6,0,0,0,0,0,0
,927,Eric Rogers,WR,0,0,0,0,0,-134.6,0,0,0,0,0,0
,928,Roberto Aguayo,K,0,0,0,0,0,-124.6,0,0,0,0,0,0
,929,Jacoby Brissett,QB,0,0,0,0,0,-272.9,28,-240,0,0,0,0
,930,Kenneth Dixon,RB,0,0,0,0,0,-147,72,-60,0,0,0,0
,931,Cardale Jones,QB,0,0,0,0,0,-272.9,2,-266,0,0,0,0
,932,Kevin Hogan,QB,0,0,0,0,0,-272.9,17,-251,0,0,0,0
,933,Moritz Bohringer,WR,0,0,0,0,0,-134.6,0,0,0,0,0,0
,934,Jerell Adams,TE,0,0,0,0,0,-93.6,18,-71,0,0,0,0
,935,Nate Sudfeld,QB,0,0,0,0,0,-272.9,0,0,0,0,0,0
,936,David Morgan II,TE,0,0,0,0,0,-93.6,0,0,0,0,0,0
,937,Kolby Listenbee,WR,0,0,0,0,0,-134.6,0,0,0,0,0,0
,938,Cody Core,WR,0,0,0,0,0,-134.6,20,-112,0,0,0,0
,939,Brandon Allen,QB,0,0,0,0,0,-272.9,0,0,0,0,0,0
,940,Jeff Driskel,QB,0,0,0,0,0,-272.9,0,0,0,0,0,0
,941,Kelvin Taylor,RB,0,0,0,0,0,-147,0,0,0,0,0,0
,942,Darius Jackson,RB,0,0,0,0,0,-147,0,0,0,0,0,0
,943,Devin Lucien,WR,0,0,0,0,0,-134.6,0,0,0,0,0,0
,944,Daniel Braverman,WR,0,0,0,0,0,-134.6,0,0,0,0,0,0
,945,Thomas Duarte,TE,0,0,0,0,0,-93.6,0,0,0,0,0,0
,946,Dwayne Washington,RB,0,0,0,0,0,-147,39,-93,0,0,0,0
,947,Devin Lewis Fuller,WR,0,0,0,0,0,-134.6,0,0,0,0,0,0
,948,Keith Marshall,RB,0,0,0,0,0,-147,0,0,0,0,0,0
,949,Kenny Lawler,WR,0,0,0,0,0,-134.6,0,0,0,0,0,0
,950,Zac Brooks,RB,0,0,0,0,0,-147,0,0,0,0,0,0
,951,Beau Sandland,TE,0,0,0,0,0,-93.6,0,0,0,0,0,0
,952,Josh Ferguson,RB,0,0,0,0,0,-147,16,-116,0,0,0,0
,953,Cole Wick,TE,0,0,0,0,0,-93.6,2,-87,0,0,0,0
,954,Taylor Heinicke,QB,0,0,0,0,0,-272.9,0,0,0,0,0,0
,955,Terrell Watson,RB,0,0,0,0,0,-147,9,-123,0,0,0,0
,956,Brandon Wilds,RB,0,0,0,0,0,-147,5,-127,0,0,0,0
,957,Jhurell Pressley,RB,0,0,0,0,0,-147,0,0,0,0,0,0
,958,Anthony Denham,TE,0,0,0,0,0,-93.6,0,0,0,0,0,0
,959,Byron Marshall,RB,0,0,0,0,0,-147,7,-125,0,0,0,0
,960,Max McCaffrey,WR,0,0,0,0,0,-134.6,0,0,0,0,0,0
,961,Kasen Williams,WR,0,0,0,0,0,-134.6,0,0,0,0,0,0
,962,Reggie Bell,WR,0,0,0,0,0,-134.6,0,0,0,0,0,0
,963,Jake Kumerow,WR,0,0,0,0,0,-134.6,0,0,0,0,0,0
,964,George Atkinson III,RB,0,0,0,0,0,-147,0,0,0,0,0,0
,965,James Wilder Jr.,RB,0,0,0,0,0,-147,0,0,0,0,0,0
,966,D.J. Foster,RB,0,0,0,0,0,-147,3,-129,0,0,0,0
,967,Bryce Williams,TE,0,0,0,0,0,-93.6,0,0,0,0,0,0
,968,Marquez North,WR,0,0,0,0,0,-134.6,0,0,0,0,0,0
,969,Andy Jones,WR,0,0,0,0,0,-134.6,0,0,0,0,0,0
,970,Roger Lewis,WR,0,0,0,0,0,-134.6,22,-110,0,0,0,0
,971,Xavier Rush,WR,0,0,0,0,0,-134.6,0,0,0,0,0,0
,972,Dom Williams,WR,0,0,0,0,0,-134.6,0,0,0,0,0,0
,973,R.J. Harris,WR,0,0,0,0,0,-134.6,0,0,0,0,0,0
,974,Jordan Taylor,WR,0,0,0,0,0,-134.6,31,-101,0,0,0,0
,975,Bernard Reedy,WR,0,0,0,0,0,-134.6,0,0,0,0,0,0
,976,Paul McRoberts,WR,0,0,0,0,0,-134.6,1,-131,0,0,0,0
,977,Anthony Dable,WR,0,0,0,0,0,-134.6,0,0,0,0,0,0
,978,Darius Jennings,WR,0,0,0,0,0,-134.6,0,0,12,-129,0,0
,979,Devon Cajuste,WR,0,0,0,0,0,-134.6,0,0,0,0,0,0
,980,Mitch Mathews,WR,0,0,0,0,0,-134.6,0,0,0,0,0,0
,981,Stephen Morris,QB,0,0,0,0,0,-272.9,0,0,0,0,0,0
,982,Dreamius Smith,RB,0,0,0,0,0,-147,0,0,0,0,0,0
,983,Devon Johnson,RB,0,0,0,0,0,-147,0,0,0,0,0,0
,984,Keyarris Garrett,WR,0,0,0,0,0,-134.6,0,0,0,0,0,0
,985,Alan Cross,TE,0,0,0,0,0,-93.6,10,-79,0,0,0,0
,986,Braedon Bowman,TE,0,0,0,0,0,-93.6,0,0,0,0,0,0
,987,Tanner McEvoy,WR,0,0,0,0,0,-134.6,28,-104,0,0,0,0
,988,Bryce Treggs,WR,0,0,0,0,0,-134.6,9,-123,0,0,0,0
,989,Troymaine Pope,RB,0,0,0,0,0,-147,5,-127,0,0,0,0
,990,Glenn Gronkowski,RB,0,0,0,0,0,-147,0,0,0,0,0,0
,991,Joe Callahan,QB,0,0,0,0,0,-272.9,0,0,0,0,0,0
,992,Johnny Holton,WR,0,0,0,0,0,-134.6,6,-126,0,0,0,0
,993,Julian Howsare,RB,0,0,0,0,0,-147,0,0,0,0,0,0
,994,Kenneth Farrow,RB,0,0,0,0,0,-147,24,-108,0,0,0,0
,995,Nelson Spruce,WR,0,0,0,0,0,-134.6,0,0,0,0,0,0
,996,Paul Lasike,RB,0,0,0,0,0,-147,1,-131,0,0,0,0
,997,Scott Simonson,TE,0,0,0,0,0,-93.6,0,0,1,-86,0,0
,998,Peyton Barber,RB,0,0,0,0,0,-147,31,-101,0,0,0,0
,999,Don Jackson,RB,0,0,0,0,0,-147,3,-129,0,0,0,0
,1000,Paul Turner,WR,0,0,0,0,0,-134.6,13,-119,0,0,0,0
,1001,George Farmer,RB,0,0,0,0,0,-147,1,-131,0,0,0,0
,1002,Mack Brown,RB,0,0,0,0,0,-147,14,-118,0,0,0,0
,1003,D.J. Tialavea,TE,0,0,0,0,0,-93.6,6,-83,0,0,0,0
,1004,Alex Ellis,TE,0,0,0,0,0,-93.6,1,-88,0,0,0,0
,1005,Aldrick Rosas,K,0,0,0,0,0,-124.6,0,0,0,0,0,0
,1006,Brad Kaaya,QB,0,0,0,0,0,-272.9,0,0,0,0,0,0
,1007,Chad Kelly,QB,0,0,0,0,0,-272.9,0,0,0,0,0,0
,1008,Marquez Williams,RB,0,0,0,0,0,-147,0,0,0,0,0,0
,1009,Joshua Dobbs,QB,0,0,0,0,0,-272.9,0,0,0,0,0,0
,1010,Nathan Peterman,QB,0,0,0,0,0,-272.9,0,0,0,0,0,0
,1011,Mason Schreck,TE,0,0,0,0,0,-93.6,0,0,0,0,0,0
,1012,Jeremy Sprinkle,TE,0,0,0,0,0,-93.6,0,0,0,0,0,0
,1013,Robert Davis,WR,0,0,0,0,0,-134.6,0,0,0,0,0,0
,1014,Sam Rogers,RB,0,0,0,0,0,-147,0,0,0,0,0,0
,1015,Isaiah Ford,WR,0,0,0,0,0,-134.6,0,0,0,0,0,0
,1016,Chris Carson,RB,0,0,0,0,0,-147,0,0,0,0,0,0
,1017,Noah Brown,WR,0,0,0,0,0,-134.6,0,0,0,0,0,0
,1018,Stacy Coley,WR,0,0,0,0,0,-134.6,0,0,0,0,0,0
,1019,Davis Webb,QB,0,0,0,0,0,-272.9,0,0,0,0,0,0
,1020,Freddie Stevenson,RB,0,0,0,0,0,-147,0,0,0,0,0,0
,1021,Austin Carr,WR,0,0,0,0,0,-134.6,0,0,0,0,0,0
,1022,Matt Breida,RB,0,0,0,0,0,-147,0,0,0,0,0,0
,1023,Corey Clement,RB,0,0,0,0,0,-147,0,0,0,0,0,0
,1024,Darius Powe,WR,0,0,0,0,0,-134.6,0,0,0,0,0,0
,1025,Marcus Johnson,WR,0,0,0,0,0,-134.6,0,0,0,0,0,0
,1026,Antony Auclair,TE,0,0,0,0,0,-93.6,0,0,0,0,0,0
,1027,Ricky Seals-Jones,TE,0,0,0,0,0,-93.6,0,0,0,0,0,0
,1028,Hakeem Valles,TE,0,0,0,0,0,-93.6,0,0,0,0,0,0
,1029,Cole Hikutini,TE,0,0,0,0,0,-93.6,0,0,0,0,0,0
,1030,Rashawn Scott,WR,0,0,0,0,0,-134.6,0,0,0,0,0,0
,1031,Rannell Hall,WR,0,0,0,0,0,-134.6,0,0,0,0,0,0
,1032,Algernon Brown,RB,0,0,0,0,0,-147,0,0,0,0,0,0
,1033,Jahad Thomas,RB,0,0,0,0,0,-147,0,0,0,0,0,0
,1034,Peyton BarberDon JacksonPaul TurnerGeorge FarmerMack BrownD.J. TialaveaAlex EllisAldrick RosasBrad KaayaChad KellyMarquez WilliamsJoshua DobbsNathan PetermanMason SchreckJeremy SprinkleRobert DavisSam RogersIsaiah FordChris CarsonNoah BrownStacy ColeyDavis WebbFreddie StevensonAustin CarrMatt BreidaCorey ClementDarius PoweMarcus JohnsonAntony AuclairRicky Seals-JonesHakeem VallesCole HikutiniRashawn ScottRannell HallAlgernon BrownJahad ThomasQuincy Enunwa,WR,0,0,0,0,0,-134.6,0,0,0,0,0,0
,1035,Quincy Enunwa,WR,0,0,0,0,-0.2,-134.79999999999998,111,-21,32,-109,null,-135